Date,Dated Brent,WTI fob USGC,Arab Light Asia-OSP,Dubai M1,Johan Sverdrup FOB dated Mongstad,CPC Blend FOB,Bonny Light FOB,Djeno FOB,Tupi FOB,Liza FOB,Urals FOB Primorsk,ESPO blend FOB Kozmino,BTC Blend,Cold Lake FOB TMX,WCS Hardisty vs WTI,Dubai-Brent EFS,Mars vs WTI 1st Line,Houston MEH vs WTI, Dated to Frontline (DFL),Murban diff to Dubai swaps,Upper Zakum diff to Dubai swaps,North Sea Dated CFD week 1,North Sea Dated CFD week 2,North Sea Dated CFD week 3,North Sea Dated CFD week 4,North Sea Dated CFD week 5,Dubai Physical Premium,Nymex WTI futures M1,Nymex WTI futures M2,Ice Brent M1,Ice Brent M2,Dubai M2,North Sea M1/M2,Shanghai International Energy Exchange (INE),Brent M1/M2 spread,DubaiM1/M2,Gasoil Ice NWE M1 $/mt,Gasoil Ice NWE M2 $/mt,Gasoil swap Singapore M1,Gasoil swap Singapore M2,Diesel ULSD 62 fob USGC waterborne c/gal,Heating Oil Nymex M1 c/gal,Heating Oil Nymex M2 c/gal,Gasoline 92r Singapore,Gasoline Eurobob oxy NWE barge $/mt,Gasoline 87 conv USGC waterborne c/gal,Jet/kerosine Singapore,Jet/kerosine NWE barge $/mt,Jet fuel USGC waterborne fob c/gal,Gasoline RBOB Nymex M1 c/gal,Gasoline RBOB Nymex M2 c/gal,Gasoil 0.001% (10ppm) FOB Fujairah,Fuel oil 3.5%S 380cst cargo Sing $/bbl,Tanker dirty Mideast Gulf to Asia Pacific 270kt $/mt ,Tanker dirty west Africa to China 260kt $/mt ,Tanker dirty Brazil to China 260kt $/mt ,Tanker dirty USGC to China (STS) 270kt $/mt ,Tanker dirty USGC to Rotterdam 270kt $/mt,Tanker dirty west Africa to UKCM 130kt $/mt ,Tanker dirty Caribbean to UKC 145t $/mt ,Tanker dirty Mideast Gulf to southeast Asia 130kt $/mt ,Tanker dirty USGC to UKC 70kt $/mt ,Tanker dirty Med to UKC 80kt $/mt ,Tanker dirty Vancouver to China 80kt $/mt ,Tanker dirty Med to Med 80kt $/mt,Tanker clean South Korea to east coast Australia 35kt $/mt ,Naphtha LR1 Mideast Gulf - Japan 55kt $/mt,Naphtha LR2 Mideast Gulf - Japan 75kt $/mt ,Tanker clean Mideast Gulf to UKC 65kt $/mt ,Tanker clean USAC to UKC 38kt $/mt ,Tanker clean UKC to USAC 37kt $/mt ,TC14 $/mt,Tanker clean USGC/Caribbean to UKCM 38kt WS ,Tanker dirty Bonny to Ningbo 260kt TCE scrubber $/day ,Tanker dirty Bonny to Rotterdam 130kt TCE scrubber $/day ,Tanker dirty Corpus Christi to Ningbo 270kt TCE scrubber $/day ,Tanker dirty Houston to Rotterdam 70kt TCE non-scrubber $/day ,Tanker dirty Ras Tanura to Ningbo 270kt TCE scrubber $/day ,WTI M1/M2,Brent/Ti,Gasoil Ice NWE M1 $/bbl,Gasoil Ice NWE M2 $/bbl,Diesel ULSD 62 fob USGC waterborne $/bbl,Heating Oil Nymex M1 $/bbl,Heating Oil Nymex M2 $/bbl,Gasoline Eurobob oxy NWE barge $/bbl,Gasoline 87 conv USGC waterborne $/bbl,Jet/kerosine NWE barge $/bbl,Jet fuel USGC waterborne fob $/bbl,Gasoline RBOB Nymex M1 $/bbl,Gasoline RBOB Nymex M2 $/bbl,Fuel Oil 3.5% Sing 380 $/mt,Refinery runs East Coast (PADD 1),Refinery runs Gulf Coast (PADD 3),U.S. Average Utilization
1/7/2026,61.23,57.27,0.3,58.81,60.16,60.25,62.92,59.37,58.21,59.58,40.54,54.29,62.92,41.84,-13.96,-1.05,-2,0.95,0.47,1.16,-0.2,1.36,0.83,0.48,0.38,0.18,-0.52,55.99,55.9,60.4,59.98,58.97,0.42,59.1,0.42,-0.16,602,601,77.68,77.28,196.57,205.67,205.01,69.79,583.7,161.15,79.82,679.17,186.06,169.45,171.91,74.79,53.51,18.96,19.52,18.65,36.51,14.43,19.79,16.91,23.46,37.92,15.58,28.14,8.49,36.63,40.79,37.36,45.92,39.78,20.22,39.78,40.41,46252,71299,68211,58466,42166,0.09,4.41,80.81,80.67,82.56,86.38,86.1,71.8,67.68,88.66,78.15,71.17,72.2,339.77,91.3,97.8,94.7
1/6/2026,60.95,58.15,0.3,59.43,59.89,59.97,62.64,59.09,57.93,59.3,40.26,54.01,62.64,42.82,-13.96,-0.87,-1.76,0.85,0.47,1.05,0.07,0.78,0.44,0.66,0.45,0.64,-0.65,56.97,56.78,60.51,60.13,59.32,0.38,60.61,0.38,0.11,607,605.25,79.13,78.85,198.77,207.9,207.47,70.43,587.25,161.58,81.13,684.44,187.26,169.88,172.44,75.57,53.91,16.61,25.39,24.47,37.78,15.37,25.92,21.52,23.74,46.46,23.18,30.68,13.59,31.96,39.03,35.56,48.49,35.11,19.71,35.11,35.74,46252,71299,68211,58466,42166,0.19,3.54,81.48,81.24,83.48,87.32,87.14,72.23,67.86,89.35,78.65,71.35,72.42,342.31,88.9,97.1,94.6
1/5/2026,62.98,59.44,0.3,60.66,61.72,61.02,64.14,60.83,59.36,61.12,41.29,56.24,64.19,44.67,-13.55,-0.75,-1.5,0.75,0.45,1.17,0.19,1.35,1.15,0.84,0.45,0.64,-0.44,58.36,58.13,61.83,61.44,60.68,0.39,60.9,0.39,-0.02,622.75,621,79.86,79.71,204.33,213.86,212.63,71.43,593.96,163.71,81.52,684.31,193.04,172.01,174.66,76.48,53.87,15.03,25.39,24.47,37.78,15.37,25.92,21.52,24.43,46.46,23.18,30.68,13.59,30.76,38.68,35.19,48.49,33.91,20.29,33.91,34.54,46252,71299,68211,58466,42166,0.23,3.47,83.59,83.36,85.82,89.82,89.3,73.06,68.76,89.34,81.08,72.24,73.36,342.09,88.9,97.1,94.6
1/2/2026,61.14,58.28,0.6,59.92,60,59,62.4,59.6,57.29,58.88,38.4,54,62.79,45.27,-13.25,-0.86,-1.5,0.63,0.71,1.31,0.33,0.56,0.34,0.53,0.37,0.25,-0.08,57.32,57.12,60.8,60.46,59.96,0.34,61.48,0.34,-0.04,615.5,613.5,82.39,78.47,207.7,211.51,209.93,75.82,621.29,165.52,84.33,707.92,196.96,169.82,172.64,78.7,53.05,15.66,23.12,25.33,38.7,15.74,29.63,26.08,24.72,44.29,26.69,33.12,14.55,28.37,41.76,37.04,49.16,31.52,19.95,31.52,32.15,46252,71299,68211,58466,42166,0.2,3.48,82.62,82.35,87.23,88.83,88.17,76.42,69.52,92.42,82.72,71.32,72.51,336.88,88.9,97.1,94.6
12/30/2025,62.34,58.98,0.6,60.91,61.19,60.19,63.6,60.8,58.49,60.08,39.6,55.19,63.99,45.9,-12.75,-0.42,-1.2,0.7,0.63,0.75,-0.23,0.65,0.46,0.33,0.28,0.16,0.72,57.95,57.74,61.88,61.28,60.78,0.6,62.16,0.6,0.13,626.25,623,82.42,80.69,207.68,215.05,215.74,75.82,621.38,167.8,84.37,708.3,196.93,172.1,173.3,78.72,53.02,15.66,23.12,25.33,38.7,15.74,29.63,26.08,24.4,44.29,26.69,33.12,14.55,28.01,41.8,37.05,48.52,31.16,19.84,31.16,31.78,51396,72511,70142,63525,55154,0.21,3.93,84.06,83.62,87.23,90.32,90.61,76.43,70.48,92.47,82.71,72.28,72.79,336.7,88.9,97.1,94.6
12/29/2025,62.12,58.86,0.6,60.92,60.97,59.97,63.38,60.58,58.27,59.86,39.38,54.97,63.77,45.78,-12.75,-0.3,-1.2,0.7,0.65,1.56,0.58,0.61,0.37,0.21,0.51,0.36,0.73,57.83,57.6,61.75,61.45,60.81,0.3,62.15,0.3,0.11,618.75,616,82.4,79.86,207.23,212.97,213,75.83,621.34,166.4,84.34,708.04,196.42,170.7,172.02,78.69,53.05,16.14,25.61,25.33,39.63,18.15,29.63,26.08,24.4,44.29,26.69,33.12,14.55,28.85,41.9,37.11,51.82,32,19.92,32,32.63,66850,49563,70142,53650,62151,0.23,3.92,83.05,82.68,87.04,89.45,89.46,76.43,69.89,92.43,82.5,71.69,72.25,336.89,88.9,97.1,94.6
12/26/2025,61.22,57.73,0.6,60.25,61.85,58.1,62.38,59.36,57.07,58.86,36.26,52.31,62.45,43.93,-12.75,-0.2,-0.9,0.66,0.71,2.56,1.58,0.71,0.42,0.22,0.42,0.28,0.67,56.74,56.56,60.8,60.33,60.14,0.47,61.54,0.47,0.11,614,611.5,82.4,79.59,206.74,210.7,210.69,76.12,620.83,165.16,84.3,708.45,195.84,169.71,170.74,78.68,52.94,17.18,25.91,25.33,46.3,18.89,32.3,27.97,24.4,48.79,28.47,33.12,15.25,28.91,42.1,37.28,52.49,32.06,20.26,32.06,32.69,70810.93,64510,73155,62500,72512.7,0.18,4.06,82.42,82.08,86.83,88.49,88.49,76.36,69.37,92.49,82.25,71.28,71.71,336.18,93.2,96.4,94.8
12/23/2025,63.01,59.46,0.6,61.73,63.64,59.89,64.17,61.15,58.86,60.65,38.05,54.1,64.24,45.57,-12.75,-0.18,-0.75,0.75,0.82,1.38,0.4,0.81,0.56,0.35,0.47,0.33,0.82,58.38,58.13,62.45,61.92,61.63,0.53,62.47,0.53,0.1,632,628.25,82.56,80.73,207.96,219.06,218.27,76.37,621.15,166.02,84.35,707.27,197.04,174.32,175.01,78.81,53.22,19.47,30.52,27.44,42.59,17.96,30.99,27.47,27.01,50.71,28.47,33.12,15.25,35.49,42.31,37.79,54.03,38.64,21.76,38.64,39.27,76059,65259.9,71872.2,58860,77886.9,0.25,4.07,84.83,84.33,87.34,92.01,91.67,76.4,69.73,92.33,82.76,73.21,73.5,337.95,93.2,96.4,94.8
12/22/2025,62.93,58.88,0.6,61.43,63.56,59.81,64.09,61.07,58.78,60.57,37.97,54.02,64.16,45.14,-12.75,0.07,-0.4,0.6,0.66,1.76,0.78,0.17,0.88,0.69,0.49,0.31,0.51,57.95,57.79,62.05,61.54,61.3,0.51,62.33,0.51,0.13,621.75,618.75,82.27,79.46,207.1,215.48,214.94,76.5,620.53,165.69,84.02,704.17,195.94,174.27,174.89,78.51,53.19,21.98,33.05,31.38,46.3,20,29.37,25.78,27.2,49.71,27.14,33.12,14.81,35.69,42.34,38.18,54.03,38.84,21.99,38.84,39.47,84510,72511,79858,65400,86541,0.16,4.1,83.46,83.05,86.98,90.5,90.27,76.33,69.59,91.93,82.29,73.19,73.45,337.78,93.2,96.4,94.8
12/19/2025,60.99,57.51,0.6,60.12,61.62,57.87,62.15,59.13,56.84,58.63,35.51,51.26,62.22,43.69,-12.18,0.13,-0.95,0.66,0.47,1.98,0.76,0.59,0.44,0.33,0.23,0.27,0.5,56.52,56.36,60.55,60.12,60,0.43,61,0.43,0.12,609.25,608.75,81.96,78.41,205.79,212.19,211.64,76.16,617.44,163.25,83.68,701.26,194.49,170.82,171.44,78.19,52.77,26.23,36.73,34.3,46.37,21.67,24.41,21.72,27.45,45,27.01,35.16,14.75,35.83,42.35,38.65,49.85,38.98,22.12,38.98,39.61,95855,75411,89690,61200,114345.47,0.16,4.03,81.78,81.71,86.43,89.12,88.89,75.95,68.56,91.55,81.69,71.74,72,335.12,93.2,96.4,94.8
12/18/2025,59.98,57.04,0.6,59.45,60.61,56.86,61.14,58.12,55.83,57.62,35.02,51.07,61.21,43.24,-12.9,0.03,-0.8,0.56,0.28,1.75,0.85,0.35,0.23,0.15,0.08,0.16,0.45,56.05,55.93,59.75,59.44,59.44,0.31,60.54,0.31,0.01,610.75,608.25,82.16,78.96,205.98,213.29,212.67,76,616.5,161.25,83.86,701.12,194.5,169.85,170.45,78.38,52.81,27.56,37.92,34.3,49.44,22.96,24.98,22.18,27.55,47.89,27.01,35.62,14.75,35.97,42.37,39.3,53.12,39.12,22.26,39.12,39.75,97015.42,61485.82,92577.42,56031.76,114345.47,0.12,3.7,81.98,81.64,86.51,89.58,89.32,75.83,67.72,91.53,81.69,71.34,71.59,335.37,93.2,96.4,94.8
12/17/2025,59.9,56.72,0.6,59.34,60.53,56.78,61.06,58.04,55.75,57.54,34.94,50.99,61.13,43.25,-12.75,-0.05,0,0.45,0.25,1.52,0.62,0.36,0.22,0.12,0.04,0.13,0.46,55.94,55.81,59.68,59.4,59.33,0.28,60.37,0.28,0.01,614.75,611,82.2,79.14,206.37,214.95,213.88,75.89,616.25,163.13,83.89,700.87,194.64,169.43,169.92,78.4,52.86,27.15,36.77,35.25,48.96,21.85,25.71,22.92,27.66,49.29,28.06,36.88,15.28,36.01,42.07,39.68,56.92,39.16,22.48,39.16,39.79,98633,62511,94121,56966,116252,0.13,3.74,82.52,82.01,86.68,90.28,89.83,75.8,68.51,91.5,81.75,71.16,71.37,335.64,93.2,96.4,94.8
12/16/2025,59.04,55.86,0.6,58.39,59.67,55.92,60.2,57.18,54.89,56.68,34.08,50.13,60.27,42.48,-12.75,-0.19,-0.8,0.36,0.27,1.43,1.14,0.43,0.2,0.09,0.03,0.1,0.35,55.17,55.07,58.84,58.59,58.44,0.25,59.68,0.25,-0.05,607,604.25,81.87,78.4,205.3,212.52,211.79,75.58,614.41,157.2,83.56,694.37,193.78,168.2,168.64,78.06,52.23,28.61,39.53,37.86,49.63,22.22,24.94,21.54,27.84,47,27.66,35.94,15.07,36.03,43.04,40.94,56.15,39.18,23.05,39.18,39.81,102500,65880,96511,66540,123560,0.1,3.67,81.48,81.11,86.23,89.26,88.95,75.57,66.02,90.65,81.39,70.64,70.83,331.64,95.1,97,94.5
12/15/2025,60.62,57.58,0.6,60.2,60.9,57.26,61.58,58.52,56.96,58.44,38.61,53.01,61.57,44.26,-12.75,-0.11,-1.35,0.43,0.27,1.16,0.87,0.43,0.23,0.1,0.03,0.16,0.55,56.82,56.67,60.39,60.13,60.01,0.26,60.97,0.26,0.19,622.25,619.75,82.63,80.08,207.83,218.06,217.31,76.59,624.49,162.23,84.31,701.95,196.39,173.23,173.67,78.82,52.61,28.82,40.28,38.87,50,22.96,24.68,21.11,27.89,43.71,27.79,35.94,15.1,37.06,43.38,41.88,54.85,40.21,23.46,40.21,40.84,108541,63660,92155,62144,126352,0.15,3.57,83.52,83.19,87.29,91.59,91.27,76.81,68.14,91.64,82.48,72.76,72.94,334.06,95.1,97,94.5
12/12/2025,61.72,58.4,0.6,60.79,62,58.36,62.68,59.62,58.06,59.54,39.71,54.11,62.67,44.29,-13.25,-0.05,-1.45,0.63,0.35,1.47,1.18,0.83,0.5,0.3,0.18,0.09,0.54,57.44,57.24,61.22,60.94,60.62,0.28,61.73,0.28,0.17,630,626.5,83.1,81.04,204.85,219.8,218.95,76.97,631.31,164.21,84.65,710.52,197.52,175.21,175.63,77.63,52.72,28.82,40.28,38.87,50.82,23.89,23.68,20.69,28.05,42.57,27.76,36.56,15.1,38.25,43.4,41.9,52.46,41.4,23.64,41.4,42.03,117541,61400,94300,55000,122676,0.2,3.78,84.56,84.09,86.04,92.32,91.96,77.65,68.97,92.76,82.96,73.59,73.76,334.79,95.1,97,94.5
12/11/2025,62.22,58.56,0.6,60.85,62.44,58.57,63.07,60.02,58.37,59.82,39.86,54.29,63.05,44.45,-13.2,0,-1.45,0.63,0.24,2.01,1.72,0.93,0.68,0.37,0.2,0.08,0.51,57.6,57.45,61.54,61.3,61.27,0.24,61.53,0.24,-0.42,648,640.75,83.04,80.94,210.56,222.89,221.92,76.79,639.32,164.98,84.49,712.55,199.54,175.98,176.4,79.21,52.55,28.18,39.04,36.24,48.7,24.07,23.58,20.19,28.09,41.43,25.85,36.71,14.14,37.2,43.54,42.04,52.31,40.35,23.7,40.35,40.98,104500,55000,92511,59855,125633,0.15,3.94,86.98,86.01,88.44,93.61,93.21,78.64,69.29,93.02,83.81,73.91,74.09,333.68,95.1,97,94.5
12/10/2025,63.16,59.42,0.6,62.35,63.31,59.73,63.79,60.27,59.1,60.73,39.01,54.47,63.88,44.5,-13.75,0.1,-1,0.63,0.42,1.66,1.37,0.55,0.58,0.4,0.24,0.14,0.64,58.46,58.3,62.58,62.23,62.23,0.35,62.22,0.35,0.12,661,652.25,84.11,82.62,213.58,227.3,225.99,77.18,644.46,167.15,85.51,723.1,201.93,178.15,178.57,80.27,53.07,28.78,39.86,36.94,50.93,24.44,23.58,20.56,28.11,42.57,25.58,36.71,13.94,36.94,42.69,41.19,50.03,40.09,23.55,40.09,40.72,109636,59822,94854,65851,123651,0.16,4.12,88.72,87.55,89.7,95.47,94.92,79.27,70.2,94.4,84.81,74.82,75,337.03,95.1,97,94.5
12/9/2025,62.48,59.33,0.6,62.07,62.74,58.87,63.24,59.87,58.49,60.08,39.34,54.85,63.3,44.65,-13.15,0.31,-1.1,0.75,0.32,1.65,1.36,0.66,0.38,0.43,0.29,0.18,0.62,58.25,58.08,62.1,61.82,61.88,0.28,62.63,0.28,0.19,650,646,84.1,82.67,212.42,226.01,224.51,76.9,640.78,166.97,85.39,718.67,201.29,178.97,179.26,80.33,52.89,28.48,40.39,35.88,51.11,24.44,23.63,20.71,28.2,43.71,24.47,37.02,12.88,38.05,43.43,41.93,48.46,41.2,23.63,41.2,41.83,108963,65000,96855,56300,122000,0.17,3.85,87.25,86.71,89.22,94.92,94.29,78.82,70.13,93.82,84.54,75.17,75.29,335.83,94.8,97.4,94.1
12/8/2025,62.9,59.93,0.6,62.65,63.16,59.29,63.66,60.29,58.91,60.5,39.76,55.27,63.72,45.25,-13.15,0.53,-1.1,0.75,0.39,1.59,1.3,0.62,0.37,0.5,0.37,0.25,0.69,58.85,58.62,62.53,62.21,62.34,0.32,62.83,0.32,0.31,664.5,655,85.14,83.96,214.87,229.67,227.54,77.05,646.21,168.69,86.31,724.48,203.99,179.56,179.88,81.33,53.25,28.48,40.39,35.88,51.11,24.44,23.63,20.71,27.96,43.71,24.47,37.02,12.88,41.28,44.55,43.05,48.46,44.43,24.52,44.43,45.06,108963,65000,96855,56300,122000,0.23,3.68,89.19,87.92,90.25,96.46,95.57,79.48,70.85,94.58,85.68,75.42,75.55,338.15,94.8,97.4,94.1
12/5/2025,64.31,61.33,0.6,64,64.71,60.16,65.02,62.62,60.29,62.15,42.95,57.46,64.94,46.56,-12.95,0.67,-0.6,0.92,0.48,1.58,1.29,0.58,0.45,0.61,0.48,0.33,0.78,60.08,59.78,63.86,63.54,63.63,0.32,64.11,0.32,0.37,684,673,86.36,85.55,220.45,236.29,233.21,77.73,655.4,172.23,87.42,734.94,209.04,183.41,183.6,82.56,54.27,28.18,40.46,38.7,50.93,22.78,24.9,21.52,27.25,45.03,24.75,38.75,13.51,41.82,44.26,42.76,53.08,44.97,24.54,44.97,45.6,108963,65000,96855,56300,125600,0.3,3.78,91.81,90.34,92.59,99.24,97.95,80.61,72.34,95.94,87.8,77.03,77.11,344.62,94.8,97.4,94.1
12/4/2025,63.91,60.92,0.6,63.55,64.31,59.76,64.62,62.22,59.89,61.75,42.55,57.06,64.54,46.15,-13.1,0.7,-0.6,0.92,0.47,1.51,1.22,0.7,0.54,0.62,0.46,0.19,0.73,59.67,59.31,63.37,62.96,63.2,0.41,64.05,0.41,0.35,671.5,660.25,85.12,83.96,215.47,230.37,228.17,77.25,655.17,172.68,86.62,719.13,203.99,182.71,182.82,81.38,54.12,27.49,39.04,36.24,50,22.96,23.91,20.77,27.08,43.86,19.72,37.75,11.3,41.66,43.38,41.88,51.54,44.81,24.55,44.81,45.44,103222,69500,104522,47500,121400,0.36,3.7,90.13,88.62,90.5,96.76,95.83,80.59,72.53,93.88,85.68,76.74,76.78,343.67,94.8,97.4,94.1
12/3/2025,63.33,60.37,1,63.08,63.73,59.18,64.04,61.64,59.31,61.17,41.97,56.48,63.96,45.59,-13.1,0.73,-0.5,0.93,0.51,1.45,1.16,0.75,0.58,0.67,0.5,0.22,0.71,59.11,58.79,62.75,62.35,62.76,0.4,63.24,0.4,0.32,668.25,656.5,84.94,83.78,214.31,229.89,227.78,76.98,652.9,172.73,86.68,716.24,203.13,182.8,182.9,81,53.04,27.49,39.04,36.24,50.93,24.07,26.86,23,26.79,45,24.52,39.38,13.32,43.7,41.87,40.37,48.56,46.85,24.58,46.85,47.48,103222,69500,104522,47500,121400,0.32,3.64,89.7,88.12,90.01,96.55,95.67,80.31,72.55,93.5,85.31,76.78,76.82,336.82,94.8,97.4,94.1
12/2/2025,62.93,59.77,1,62.69,63.48,58.41,63.79,61.6,58.97,60.77,42.97,55.77,63.78,45.84,-12.56,0.71,-0.5,0.85,0.49,2.49,2.2,0.74,0.54,0.62,0.47,0.23,0.61,58.59,58.32,62.4,61.99,62.43,0.41,63.1,0.41,0.26,667.75,654,86.58,85.3,215.27,229.91,227.39,77.47,649.93,172.96,87.73,728.76,204.41,182.81,182.78,82.95,53.31,28.18,39.75,37.64,50.93,24.81,27.04,23.17,26.71,46.43,24.17,42.03,13.27,42.54,41.33,39.83,53.1,45.69,24.7,45.69,46.32,106585,72878.68,103520.34,45656.24,126371,0.27,3.81,89.63,87.79,90.41,96.56,95.5,79.94,72.64,95.14,85.85,76.78,76.77,338.49,93.7,95.1,92.3
12/1/2025,63.7,60.69,1,63.68,64.3,58.77,65.12,64.65,59.74,61.84,45.48,56.87,64.2,48.09,-11.63,0.77,-0.4,0.85,0.44,1.5,1.21,0.54,0.37,0.57,0.42,0.18,0.86,59.51,59.22,63.33,62.94,63.34,0.39,63.62,0.39,0.34,687.75,668,86.66,85.3,217.75,234.62,231.49,78.15,661.28,182.09,87.75,731.36,208.72,187.09,186.77,83.25,53.98,28.64,40.81,38.7,50.93,24.81,27.49,23.72,26.73,47.68,25.17,42.03,13.72,41.34,41.36,39.86,56.23,44.49,26.37,44.49,45.12,108500,74366,105633,46588,128950,0.29,3.82,92.32,89.66,91.46,98.54,97.23,81.34,76.48,95.48,87.66,78.58,78.44,342.78,93.7,95.1,92.3
11/28/2025,63.81,59.57,1,63.01,64.41,58.88,65.23,64.76,59.85,61.95,45.59,56.98,64.31,47.35,-11.28,0.7,-0.7,0.69,0.82,1.57,1.28,0.86,0.62,0.44,0.62,0.45,0.8,58.55,58.29,63.19,62.32,62.65,0.87,63.94,0.87,0.36,675.75,659,93.6,86.42,237.52,230.31,226.88,78.74,697.99,178.94,93.41,768.75,223.49,182.15,181.85,83.89,55.71,31.16,42.23,41.23,51.48,22.59,28.17,23.83,28.77,44.71,25.15,42.03,13.44,38.58,37.19,36.69,53.69,41.73,22.64,41.73,42.36,109633,77255,103620,53652,132511,0.26,4.64,90.7,88.46,99.76,96.73,95.29,85.85,75.15,100.36,93.87,76.5,76.38,353.79,93.7,95.1,92.3
11/27/2025,64.01,60,1,63.42,64.61,59.08,65.43,64.96,60.05,62.15,45.79,57.18,64.51,47.81,-11.28,0.81,-0.8,0.66,0.78,1.06,0.77,0.83,0.62,0.41,0.45,0.18,0.8,59.01,58.74,63.39,62.92,63.32,0.47,63.34,0.47,0.1,680.5,666.25,93.56,85.65,236.84,232.54,233.35,78.69,698.21,185.68,93.34,768.06,223.49,188.89,182.73,90.27,55.72,31.62,42.94,41.86,51.11,22.22,28.17,25.05,28.6,44.71,24.88,45.31,13.26,38.58,37.38,35.52,52.16,41.73,22.67,41.73,42.36,109633,76133,108541,47855,139655,0.27,4.38,91.34,89.43,99.47,97.67,98.01,85.88,77.99,100.27,93.87,79.33,76.75,353.81,93.7,95.1,92.3
11/26/2025,63.81,59.54,1,62.79,64.41,61.12,65.65,65.67,59.85,63.13,42.87,56.98,65.2,47.35,-11.28,0.75,-0.8,0.66,0.91,1.69,1.4,0.98,0.74,0.49,0.44,0.19,0.72,58.55,58.33,63.07,62.44,62.77,0.63,62.59,0.63,0.02,673,657.75,93.38,83.52,236.84,232.54,230.29,78.63,697.25,184.85,93.18,765.85,223.49,188.06,182.64,90.14,55.76,31.62,42.94,41.86,51.11,22.22,28.17,25.05,28.55,44.71,24.88,45.31,13.26,38.58,37.41,35.34,49.63,41.73,22.7,41.73,42.36,109633,76133,108541,47855,139655,0.22,4.52,90.34,88.29,99.47,97.67,96.72,85.76,77.64,99.98,93.87,78.99,76.71,354.08,93.7,95.1,92.3
11/25/2025,63.4,58.9,1,62.87,64,61.74,65.26,65.53,59.28,63.55,44.04,56.66,64.62,46.56,-11.28,0.83,0.63,0.62,0.93,0.97,0.68,1,0.76,0.52,0.41,0.16,0.61,57.95,57.74,62.64,61.95,62.4,0.69,62.15,0.69,0.47,687.5,662.5,93.42,84.18,237.17,235.38,231.9,78.31,696.85,182.51,93.25,768.69,223.65,185.72,180.22,90.22,55.77,31.91,43.56,42.67,50.93,22.22,28.74,24.94,28.33,47.57,24.99,42.81,13.62,41.06,37.29,34.85,46.85,44.21,22.7,44.21,44.84,118541,77215,116361,46500,143622,0.21,4.69,92.28,88.93,99.61,98.86,97.4,85.71,76.65,100.35,93.93,78,75.69,354.12,91.5,92.3,90
11/24/2025,64.35,59.78,1,63.48,63.93,63.43,66.01,66.24,61.48,65.5,42.2,56.39,65.51,47.77,-11.6,0.78,0.7,0.56,0.91,1.56,1.27,1.27,0.98,0.74,0.53,0.56,0.68,58.89,58.58,63.37,62.73,63.11,0.64,63.09,0.64,0.37,712.5,679.25,93.77,85.95,237.94,242.1,237.82,78.34,700.25,186.61,93.56,772.18,223.85,189.82,182.78,90.56,56.01,31.91,43.56,42.67,50.93,22.22,28.74,24.94,28.11,47.57,24.99,42.81,13.62,42.94,36.86,34.42,42.44,46.09,22.53,46.09,46.72,118541,77215,116361,46500,143622,0.31,4.48,95.64,91.17,99.93,101.68,99.88,86.13,78.38,100.81,94.02,79.72,76.77,355.66,91.5,92.3,90
11/21/2025,63.4,59.09,1,62.58,62.98,62.48,65.06,65.29,60.53,64.55,41.25,55.44,64.56,46.94,-11.23,0.77,0.5,0.7,0.82,1.46,1.17,1.16,0.89,0.64,0.43,0.55,0.42,58.06,57.81,62.51,61.89,62.17,0.62,62.61,0.62,0.41,713.75,679.75,94.14,87.49,238.66,245.64,239.41,78.1,699.4,185.13,93.85,778.31,224.46,188.34,181.41,90.93,55.96,30.47,41.52,40.11,50.56,22.22,29.73,25.35,27.62,45.86,23.85,42.19,13.56,41.76,36.95,34.51,44.38,44.91,22.4,44.91,45.54,117355.59,75052.89,95193.45,55758.78,124379.64,0.25,4.45,95.81,91.24,100.24,103.17,100.55,86.03,77.75,101.61,94.27,79.1,76.19,355.37,91.5,92.3,90
11/20/2025,63.91,60.37,1,63.45,63.49,62.99,65.44,65.76,60.89,64.87,40.75,55.28,64.87,48.14,-11.23,0.71,1.15,0.9,0.78,1.41,1.12,1.06,0.83,0.61,0.44,0.54,0.68,59.14,59,63.08,62.52,62.81,0.56,63.35,0.56,0.64,738.25,697.75,95.15,90.51,240.26,253.33,245.16,78.2,699.91,188.63,94.82,790,225.88,191.84,184.4,91.95,56.02,30.7,42.45,41.51,50.93,22.22,29.37,25.56,27.44,45.86,25.12,42.19,13.69,41.75,37.44,35,42.31,44.9,22.09,44.9,45.53,118541,75811,96155,56322,125636,0.14,3.94,99.09,93.66,100.91,106.4,102.97,86.09,79.22,103.13,94.87,80.57,77.45,355.71,91.5,92.3,90
11/19/2025,64.44,60.65,1,63.57,63.84,63.49,65.67,66.13,61.59,65.29,42.28,56.81,65.09,48.34,-11.02,0.55,0.6,0.88,0.68,1.26,0.97,0.86,0.75,0.57,0.37,0.47,0.68,59.44,59.25,63.69,63.18,63.22,0.51,63.93,0.51,0.35,779.75,735.5,96.22,93.66,243.27,263.57,255.21,78.76,706.51,190,96.02,797.04,229.03,193.21,186.04,93.01,55.84,28.64,40.81,39.75,51.11,22.22,29.11,25.49,27.35,40.43,25.44,42.19,13.87,41.67,36.56,34.11,45.38,44.82,21.77,44.82,45.45,105200,66300,91500,48500,102311,0.19,4.25,104.66,98.72,102.17,110.7,107.19,86.9,79.8,104.05,96.19,81.15,78.14,354.56,91.5,92.3,90
11/18/2025,65.52,62.02,1,65.25,64.92,64.57,66.08,66.23,62.56,65.94,43.36,57.89,66.18,49.38,-11.26,0.67,-0.4,0.95,0.61,1.21,0.92,0.2,0.72,0.68,0.52,0.34,0.8,60.74,60.67,64.8,64.32,64.63,0.48,65.32,0.48,0.62,793.5,750,96.56,94.96,245.62,270.11,262.47,79.72,713.26,196.72,96.17,802.74,232.5,199.93,192.22,93.34,56.53,29.02,41.01,38.7,51.11,22.22,30.05,26.37,27.24,40.43,25.56,42.03,15.23,41.28,36.07,33.63,48.5,44.43,21.76,44.43,45.06,108321,68211,91525,46521,103625,0.07,4.06,106.51,100.67,103.16,113.45,110.24,87.73,82.62,104.8,97.65,83.97,80.73,358.99,91.4,93.2,89.4
11/17/2025,64.84,61.09,1,64.3,62.44,63.89,65.4,65.55,61.88,65.26,43.48,57.68,65.58,48.66,-11.25,0.6,-0.7,0.85,0.66,1.37,1.08,0.23,0.81,0.76,0.57,0.35,0.8,59.91,59.86,64.03,63.61,63.86,0.42,64.78,0.42,0.44,747.75,716.5,95.41,92.41,239.88,254.7,249.63,79.67,709.55,195.8,94.82,787.99,227.02,199.01,191.36,92.17,56.56,29.55,41.88,38.7,51.11,22.22,30.24,26.53,26.85,43.71,26.7,41.41,15.23,42.99,36.53,34.09,48.5,46.14,21.6,46.14,46.77,115200,69525,95685,57414,116255,0.05,4.12,100.37,96.17,100.75,106.97,104.84,87.28,82.24,102.87,95.35,83.58,80.37,359.16,91.4,93.2,89.4
11/14/2025,65.15,61.22,1,64.58,62.95,63.99,65.77,66.01,62.19,65.37,44.46,58.84,68.65,48.73,-11.65,0.75,-0.9,0.8,0.68,1.44,1.15,0.31,0.86,0.78,0.58,0.38,0.9,60.09,59.96,64.29,63.81,64.17,0.48,65.02,0.48,0.41,740.25,713.25,95.45,92.84,239.26,253.11,248.25,79.91,711.41,197.95,95.07,788.52,227.05,201.16,193.32,92.2,57.01,29.1,41.88,40.81,50,20.74,30.99,26.98,26.37,49.29,28.33,40.62,16.1,45.22,37.6,35.16,45.69,48.37,21.55,48.37,49,111255,79569,96125,61215,127540,0.14,4.2,99.36,95.74,100.49,106.31,104.26,87.5,83.14,102.94,95.36,84.49,81.19,362.01,91.4,93.2,89.4
11/13/2025,63.62,59.68,1,63.44,62.37,61.46,64.47,64.22,60.46,63.81,42.62,58.5,66.82,46.66,-11.7,0.84,-1.4,0.73,0.58,1.59,1.3,0.11,0.69,0.62,0.49,0.37,0.82,58.62,58.56,62.93,62.52,63.18,0.41,63.34,0.41,0.26,718.75,695.5,94.35,90.4,234.56,246.84,242.1,79.2,703.78,192.38,93.39,773.74,223.4,195.59,188.76,90.43,56.51,29.1,41.88,40.81,50,20.74,30.99,26.98,26.21,49.29,28.33,40.62,16.1,44.83,37.59,35.15,45.69,47.98,21.46,47.98,48.61,111255,79569,96125,61215,127540,0.06,4.31,96.48,93.36,98.52,103.67,101.68,86.57,80.8,101.01,93.83,82.15,79.28,358.86,91.4,93.2,89.4
11/12/2025,63.11,59.63,1,63.04,61.86,60.95,63.96,63.71,59.95,63.3,44.51,57.99,66.21,46.52,-11.7,0.65,-1.45,0.82,0.36,1.5,1.21,-0.22,0.43,0.4,0.28,0.17,0.72,58.48,58.48,62.68,62.41,62.86,0.27,63.23,0.27,0.18,721,699.5,94.95,91,235.73,247.13,242.98,79.05,705.35,192.22,93.44,778.82,224.21,195.43,188.64,91.73,56.64,25.81,38.38,34.48,49.26,20.37,29.76,25.46,26.01,47,27.34,40.62,15.89,44.8,36.58,34.14,48.46,47.95,21.08,47.95,48.58,110300,66391,104113,71250,105620,0,4.2,96.78,93.89,99.01,103.79,102.05,86.76,80.73,101.67,94.17,82.08,79.23,359.63,93.6,89.2,86
11/11/2025,64.9,61.99,1,65.64,63.65,62.74,65.75,65.5,61.74,65.09,48.37,59.78,67.93,49.08,-11.7,0.9,-1.75,0.62,0.34,1.63,1.34,-0.56,-0.16,0.5,0.37,0.23,0.82,61.04,60.99,65.06,64.77,65.39,0.29,65.76,0.29,0.25,787.25,755.25,96.62,93.78,245.9,257.57,252.58,80.49,706.39,197.99,94.64,794.18,230.94,201.2,194.67,94.21,58.27,23.83,35.84,34.48,47.59,19.13,30.42,26.98,25.94,47.86,24.93,43.12,14.49,43.21,36.53,34.09,45.38,46.36,20.65,46.36,46.99,110300,68574,102144,66588,103655,0.05,4.02,105.67,101.38,103.28,108.18,106.08,86.89,83.16,103.68,96.99,84.5,81.76,370.02,93.6,89.2,86
11/10/2025,63.64,61.01,1,64.66,62.39,61.48,64.49,64.24,60.48,63.83,47.11,58.52,66.24,48.17,-11.7,0.88,-1.7,0.55,0.23,1.71,1.42,-0.63,-0.33,0.29,0.21,0.14,0.92,60.13,60.03,63.97,63.7,64.34,0.27,64.52,0.27,0.32,753.75,726.5,94.53,90.84,239.58,251.04,245.99,79.46,691.38,193.9,92.78,769.82,224.37,197.11,191.06,91.33,57.91,24.06,36.91,35.88,48.7,20,28.73,25.16,25.63,50.36,24.68,41.5,14.13,43.85,38.23,35.79,48.46,47,21.47,47,47.63,105211,76525,98966,53656,97855,0.1,3.84,101.17,97.52,100.62,105.44,103.32,85.04,81.44,100.5,94.24,82.79,80.25,367.72,93.6,89.2,86
11/7/2025,63.67,60.73,1,64.39,62.82,61.82,65.33,64.3,60.71,63.92,47.14,58.71,66.67,47.95,-11.63,0.93,-1.7,0.65,0.3,1.56,1.27,-0.15,-0.03,0.37,0.31,0.21,0.99,59.75,59.62,63.7,63.46,63.88,0.24,63.73,0.24,0.51,761.5,721,94.66,91.04,236.58,248.21,243,78.71,686.63,190.82,92.88,775.56,223.64,194.03,188.58,91.65,57.82,24.74,37.62,36.24,49.07,19.26,30.99,25.65,25.31,49.03,25.06,44.4,14.51,40.91,38.86,36.42,46.15,44.06,21.78,44.06,44.69,110300,68574,102144,61252,103655,0.13,3.95,102.21,96.78,99.36,104.25,102.06,84.46,80.14,101.25,93.93,81.49,79.2,367.16,93.6,89.2,86
11/6/2025,63.8,60.52,1,63.64,62.95,61.95,65.46,64.43,60.84,64.05,46.95,58.84,66.66,47.63,-11.55,0.63,-1.6,0.76,0.4,1.74,1.45,0.27,0.23,0.06,0.04,0.02,1.03,59.43,59.3,63.57,63.29,63.41,0.28,63.73,0.28,0.23,779.25,729.25,94.33,90.64,237.71,249.61,243.67,78.54,675.68,193.35,92.27,779.29,226.32,196.56,189.89,91.14,57.55,25.89,38.68,36.59,49.07,19.07,30.61,25.49,25.24,50,25.94,45.62,14.76,39.47,37.36,34.92,48.56,42.62,22.14,42.62,43.25,116252,71521,103621,68595,109652,0.13,4.14,104.6,97.89,99.84,104.84,102.34,83.11,81.21,101.73,95.05,82.56,79.75,365.44,93.6,89.2,86
11/5/2025,63.51,60.79,1,64,62.85,61.66,65.17,64.36,60.55,63.96,47.61,59.36,66.37,48.01,-11.25,0.79,-1.5,0.82,0.37,1.82,1.53,-0.1,-0.04,0.43,0.35,0.28,1.26,59.64,59.45,63.55,63.28,63.58,0.27,64.19,0.27,0.42,734.5,707.75,93.87,90.77,233.15,242.94,238.74,77.24,662.37,188.06,92.17,778.39,222.07,191.27,186.29,90.59,58.27,24.51,37.8,35.53,48.15,18.89,30,25.23,25.17,48.57,25.94,42.5,14.5,36.98,34.96,32.52,46.92,40.13,22.23,40.13,40.76,102355,69455,101210,70411,101200,0.19,3.91,98.59,95,97.92,102.03,100.27,81.47,78.99,101.62,93.27,80.33,78.24,369.99,93.6,89.2,86
11/4/2025,64.63,61.55,2.2,64.72,64.13,63.13,66.49,65.88,62.48,65.89,50.38,61.49,67.49,48.63,-11.1,0.86,-1.4,0.79,0.52,1.99,1.7,0.31,0.28,0.64,0.52,0.41,1.44,60.43,60.2,64.35,63.94,64.26,0.41,65.12,0.41,0.46,732.5,712.75,91.36,88.4,234.03,244.73,240.86,76.3,644.33,189.12,88.8,745.27,217.12,192.13,187.85,88.45,59.16,25.9,38.95,36.24,48.89,20,28.32,24.23,23.38,49.14,24.97,42.65,14.53,40.55,40.66,32.49,48.46,43.7,25.69,43.7,44.33,100314,68541,98658,66933,102500,0.23,3.92,98.32,95.67,98.29,102.79,101.16,79.25,79.43,97.29,91.19,80.69,78.9,375.65,93.2,91,86.6
11/3/2025,65.13,61.94,2.2,65.14,64.63,63.63,66.99,66.38,62.98,66.39,50.77,61.99,67.99,49.18,-11.1,0.77,-1.5,0.63,0.61,2.13,1.84,0.37,0.29,0.75,0.62,0.49,1.89,60.98,60.6,64.84,64.38,64.54,0.46,65.51,0.46,0.6,719.75,703.25,91.52,88.47,228.97,240.53,237.55,76.56,644.45,188.6,89.14,748.34,214.3,191.61,187.52,89.12,60.18,28.33,41.52,40.46,50,20,28.1,23.86,23.38,48,25.17,41.88,14.63,41.92,41.58,33.78,44.54,45.07,25.84,45.07,45.7,106514,71526,118511,62500,123100,0.38,3.86,96.61,94.4,96.17,101.02,99.77,79.27,79.21,97.69,90.01,80.48,78.76,382.16,93.2,91,86.6
10/31/2025,65.06,61.97,2.2,65.08,64.56,63.56,66.92,66.31,62.91,66.32,52.37,61.92,67.92,49.78,-10.2,1.39,-1.15,0.66,0.72,1.63,1.34,0.63,0.5,0.39,0.9,0.75,3.12,60.98,60.6,64.56,64.11,64.33,0.45,65.02,0.45,0.75,718.25,701.25,91.71,88.56,231.56,243.12,239.86,77.64,664.25,196.3,89.96,753.98,219.86,199.31,190.08,90.85,59.92,27.49,42.23,40.81,48.15,20.74,25.92,22.6,23.95,48.57,26.7,50,14.93,41.25,37.43,27.92,47.69,44.4,22.01,44.4,45.03,106514,71526,118511,62500,123100,0.38,3.58,96.41,94.13,97.26,102.11,100.74,81.7,82.45,98.43,92.34,83.71,79.83,380.49,93.2,91,86.6
10/30/2025,64.85,61.6,2.2,64.43,64.89,63.83,67.29,66.79,63.08,66.75,52.02,61.72,67.71,49.88,-10.69,1.19,-1.25,0.7,0.8,1.37,1.08,0.81,0.62,0.49,0.83,0.68,2.43,60.57,60.2,64.71,64.12,63.85,5.08,64.5,0.59,0.58,716.5,698.25,91.92,89.14,235.24,240.39,238.96,77.4,659.7,197.33,90.5,761.08,220.17,200.34,189.26,91.33,59.59,27.49,42.23,40.81,48.15,20.74,25.92,22.6,23.89,48.57,26.7,43.63,14.93,40.84,36.81,28.63,47.69,43.99,21.66,43.99,44.62,106514,71526,118511,62500,123100,0.37,4.14,96.17,93.72,98.8,100.96,100.36,81.14,82.88,99.36,92.47,84.14,79.49,378.41,93.2,91,86.6
10/29/2025,65.49,61.46,2.2,64.67,64.69,63.64,67.09,66.59,62.89,66.55,51.86,61.53,68.35,50.22,-10.05,1.12,-1.35,0.65,0.82,1.76,1.47,0.88,0.61,0.46,0.82,0.66,0.66,60.48,60.16,64.88,64.3,64.03,0.58,65.23,0.58,0.64,718,700.5,91.38,89.14,220.54,242.43,239.71,78.25,667.22,194.36,90.14,761.43,219.21,197.37,189.07,86.23,59.48,27.95,42.94,41.86,48.7,21.48,27.23,24.82,23.02,45.29,28.46,40.62,17.06,41.12,36.72,27.89,46.92,44.27,21.61,44.27,44.9,116000,71455,116360,46551,125141,0.32,4.4,96.38,94.03,92.63,101.82,100.68,82.07,81.63,99.4,92.07,82.9,79.41,377.7,93.2,91,86.6
10/28/2025,65.48,61.16,2.2,63.95,64.68,63.63,67.08,66.58,62.88,66.54,51.85,61.52,68.34,49.06,-11.3,0.66,-1.15,0.65,0.73,1.59,1.3,-0.26,1.02,0.82,0.51,0.39,1,60.18,59.78,64.46,63.86,63.47,0.6,64.25,0.6,0.48,707.25,690.5,90.48,88.64,220.14,238.58,236.17,77.31,659.83,190.16,89.68,755.36,216.33,193.17,187.09,86.16,59.9,22.49,34.71,30.47,47.22,18.89,25.77,22.56,22.82,45.29,25.63,36.71,14.89,39.56,35.22,26.52,46.92,42.71,21.24,42.71,43.34,87565,61325,92111,41552,86700,0.4,4.28,94.93,92.68,92.46,100.2,99.19,81.16,79.87,98.61,90.86,81.13,78.58,380.36,93.7,92,88.6
10/27/2025,66.37,62.45,2.2,65.14,65.57,64.52,67.97,67.47,63.77,67.43,52.74,62.41,69.23,50.38,-10.16,1.13,-0.5,0.78,0.9,2.93,2.64,0.98,0.7,0.5,0.93,0.77,2.66,61.34,60.81,65.67,64.95,64.53,0.72,65.2,0.72,0.61,725,707.25,93.48,91.52,221.05,243.48,240.81,77.82,662.41,189.55,92.78,782.16,220.49,192.56,186.82,86.7,61.66,20.9,32.7,30.47,47.04,18.89,25.67,22.6,22.7,44.71,25.36,36.4,14.74,41.52,36.42,27.7,47.69,44.67,20.48,44.67,45.3,86315,62144,83641,38744,83699,0.53,4.33,97.32,94.93,92.84,102.26,101.14,81.48,79.61,102.11,92.61,80.88,78.46,391.55,93.7,92,88.6
10/24/2025,66.72,62.46,2.2,65.35,65.92,64.87,68.32,67.82,64.12,67.78,53.09,62.76,69.58,51.38,-9.68,1.4,-0.4,0.63,0.96,3.47,3.18,1.28,1.03,0.75,0.54,1.06,2.92,61.5,60.96,65.69,64.92,64.53,0.77,65.6,0.77,0.82,712,696.5,91.41,89.26,220.4,240.31,237.93,77.81,663.98,189.26,90.83,759.02,217.68,192.27,186.86,86.35,61.82,20.83,32.07,30.47,45.19,18.15,25.41,22.38,22.7,42.57,26.71,35,14.76,43.12,37.39,27.73,47.69,46.27,20.34,46.27,46.9,83621,60122,81414,45632,82541,0.54,4.19,95.57,93.49,92.57,100.93,99.93,81.67,79.49,99.09,91.43,80.75,78.48,392.56,93.7,92,88.6
10/23/2025,66.55,62.88,2.2,65.5,65.75,64.7,68.15,67.65,63.95,67.61,52.92,62.59,69.41,51.12,-10.36,1.48,-1.5,0.8,0.8,3.39,3.1,0.86,0.62,0.48,0.92,0.77,2.72,61.75,61.08,65.93,65.19,64.75,0.74,65.89,0.74,0.75,707,692.25,89.92,87.26,232.03,238.33,235.72,77.16,661.89,189.64,89.72,748.06,216.3,192.65,187.25,89.43,61.88,20.7,31.23,29.9,45.19,16.37,24.04,21.21,22.7,45,22.04,33.12,14.05,43.07,32.16,25.36,42.2,46.22,21.53,46.22,46.85,79636,54741,78124,35141,76363,0.67,4.18,94.9,92.92,97.45,100.1,99,81.41,79.65,97.66,90.85,80.91,78.64,392.91,93.7,92,88.6
10/22/2025,63.75,60.72,2.2,63.32,62.55,62.09,65.3,62.95,61.49,64.38,49.06,56.6,66.61,49.02,-10.02,0.68,-0.85,1.01,0.4,2.2,1.91,0.44,0.25,0.17,0.24,0.17,1.26,59.38,59.15,63.5,63.08,62.96,0.42,62.99,0.42,0.36,673.25,660.5,86.81,84.35,216.54,228.58,226.81,76.21,670.11,185.01,85.84,705.91,210,188.31,182.78,83.64,59.17,20.85,31.59,30.25,45.74,17.96,24.79,21.72,21.8,42.36,23.8,33.12,14.35,42.11,29.34,26.9,41.54,45.26,18.68,45.26,45.26,81214,58755,79651,37411,80211,0.23,4.12,90.37,88.66,90.95,96,95.26,82.42,77.7,92.16,88.2,79.09,76.77,375.7,93.7,92,88.6
10/21/2025,62.01,58.93,2.2,61.24,60.26,60.16,63.14,60.76,59.17,62.56,48.32,55.16,64.87,46.81,-11.3,0.37,-1.3,0.74,0.35,1.78,1.49,0.5,0.36,0.23,0.14,0.16,0.82,57.86,57.54,61.65,61.34,61.11,0.31,61.57,0.31,0.13,647,637.25,86.16,84.73,214.47,220.97,218.87,75.58,664.06,179.49,85.3,700.35,208.44,182.79,177.48,83.61,58.84,21.38,32.16,30.78,45.93,18.15,24.52,21.72,21.59,41.43,25.82,34.45,14.56,43.8,29.33,26.89,43.85,46.95,18.77,46.95,46.95,85121,63214,82636,38520,83165,0.32,3.79,86.85,85.54,90.08,92.81,91.93,81.68,75.39,91.43,87.54,76.77,74.54,373.65,93.4,87.1,85.7
10/20/2025,61.02,58.04,2.2,60.95,59.02,58.87,61.97,59.12,57.97,61.43,47.76,54.72,63.88,45.89,-10.89,0.25,-1.35,0.56,0.16,1.92,1.66,0.12,0.08,0.06,0.05,0,0.53,57.15,57.12,60.94,60.78,60.94,0.16,61.49,0.16,0.01,637,627.75,86.02,83.43,214.08,218.27,216.36,75.72,664.25,179.72,85.09,699.13,207.55,183.02,177.53,83.48,58.98,21.99,33.36,32.81,46.85,18.52,25.2,21.96,21.26,41.43,26.57,34.76,14.2,44.09,28.7,26.26,42.31,47.24,18.89,47.24,47.24,88521,66541,85255,37144,90205,0.03,3.79,85.5,84.26,89.91,91.67,90.87,81.7,75.48,91.27,87.17,76.87,74.56,374.55,93.4,87.1,85.7
10/17/2025,61.2,58.53,2.2,60.93,59.5,59.35,62.35,59.6,58.35,61.75,46.7,54.9,64.06,46.44,-10.66,0.25,-1.2,0.66,0.24,2.53,2.27,-0.17,-0.14,0.23,0.21,0.19,0.53,57.54,57.15,61.34,61.16,61.03,0.18,61.57,0.18,-0.1,634.5,626.5,85.79,84.26,213.84,218,215.99,75.93,670.58,180.47,84.84,695.22,207.72,183.77,178.17,83.25,59.09,21.76,33.01,32.42,45.84,16.3,24.78,21.34,21.26,38.29,22.62,35.31,12.54,44.58,28.72,26.28,43.85,47.73,19.11,47.73,47.73,83250,57700,81020,28545,86511,0.39,3.8,85.17,84.09,89.81,91.56,90.72,82.48,75.8,90.76,87.24,77.18,74.83,375.24,93.4,87.1,85.7
10/16/2025,61.26,58.5,2.2,60.89,59.66,59.63,62.46,59.41,58.11,61.89,48.41,55.63,64.12,46.79,-10.35,0.14,-1.1,0.75,0.23,2.12,1.86,-0.19,0.24,0.22,0.17,0.11,0.43,57.42,56.95,61.02,60.77,60.82,0.25,61.3,0.25,0.07,629,622.25,84.6,82.57,212.69,215.4,213.74,72.15,669.58,177.88,85.16,698.56,206.33,181.18,176.08,83.52,58.94,21.76,33.01,32.42,45.84,16.3,24.78,21.34,21.17,38.29,22.62,35.31,12.54,46.27,28.98,26.54,43.85,49.42,19.18,49.42,49.42,83250,57700,81020,28545,86511,0.47,3.6,84.43,83.52,89.33,90.47,89.77,82.36,74.71,91.2,86.66,76.1,73.95,374.3,93.4,87.1,85.7
10/15/2025,62.95,59.74,2.2,61.97,61.35,61.32,64.15,61.1,59.8,63.58,50.1,57.32,65.81,48.12,-10.2,-0.05,-1,0.66,0.37,2.08,1.82,0.06,0.48,0.35,0.23,0.13,0.5,58.75,58.3,62.47,62.11,61.99,0.36,61.73,0.36,-0.02,643,634.75,83.65,82.2,209.9,219.87,217.96,73.15,668.24,180.75,84.84,695.96,206.1,184.05,179.12,81.38,59.36,21.42,32.44,32.21,45.93,17.96,26.95,22.79,20.15,39.29,23.3,35,12.1,43.23,28.65,26.21,43.85,46.38,19.11,46.38,46.38,82163,56325,81020,36514,82711,0.45,3.72,86.31,85.2,88.16,92.35,91.54,82.19,75.91,90.86,86.56,77.3,75.23,376.96,93.4,87.1,85.7
10/14/2025,63.81,59.88,2.2,62.05,64.06,61.18,65.17,61.96,60.66,64.44,51.36,59.18,66.67,47.6,-10.66,0.19,-0.75,0.85,0.19,1.85,1.59,0.32,0.61,0.46,0.32,0.23,0.43,58.7,58.27,62.3,61.97,61.93,1.23,62.27,0.42,0.12,642,634.25,82.81,81.26,208.02,219.76,217.62,73.16,621.1,179.56,82.91,685.46,195.62,182.86,178.23,79.9,57.95,21.67,32.85,31.73,40.74,17.04,22.64,19.61,19.81,36,21.95,35,12,38.07,32.08,29.64,41.54,41.22,20.42,41.22,41.22,81566,46315,82166,34500,83166,0.43,3.6,86.17,85.13,87.37,92.3,91.4,76.4,75.42,89.49,82.16,76.8,74.86,367.97,92,93.5,92.4
10/13/2025,63.97,60.79,2.2,63.21,64.22,62.01,65.17,62.47,61.01,64.47,51.52,60.22,66.83,48.96,-10.36,0.22,-0.7,0.9,0.46,1.98,1.72,0.44,0.59,0.48,0.33,0.23,0.65,59.56,59.14,63.38,62.94,63.02,0.44,63.49,0.44,0.19,659.5,649.5,87.28,84.75,218.27,225.12,222.47,75.97,666,181.44,85.96,707.56,209.86,184.74,180.15,84.74,59.75,21.88,33.01,32.37,43.15,17.04,20.47,18.02,19.1,34.43,20.53,34.38,11.24,39.08,28.8,26.36,40.77,42.23,17.96,42.23,42.23,82511,44155,86141,39144,81522,0.42,3.82,88.52,87.18,91.67,94.55,93.44,81.92,76.2,92.37,88.14,77.59,75.66,379.43,92,93.5,92.4
10/10/2025,63.51,60.45,2.2,62.3,63.76,61.55,64.71,62.01,60.55,64.01,51.06,59.76,66.37,48.7,-10.65,-0.04,-0.7,1.22,0.61,1.53,1.27,0.61,0.88,0.64,0.44,0.26,0.78,58.9,58.48,62.63,62.28,61.5,0.35,62.41,0.35,0.8,642,633,86.75,83.78,212.94,220.44,218.59,75.2,659.05,178.74,85.28,702.15,206.54,182.04,177.59,83.35,59.6,21.08,32.3,30.96,42.59,16.67,21.03,17.81,19.1,35,21.91,35.31,11.86,37.27,27.97,25.53,43.98,40.42,17.82,40.42,40.42,80366,43266,85001,38566,80699,0.42,3.73,86.17,84.97,89.43,92.58,91.81,81.06,75.07,91.66,86.75,76.46,74.59,378.45,92,93.5,92.4
10/9/2025,66.05,62.99,2.2,64.82,66.3,64.09,67.5,66.75,63.42,66.73,53.66,62.3,68.91,51.66,-10.25,0.08,-0.65,1.15,0.73,2.03,1.77,1.11,0.79,1.07,0.77,0.52,1.08,61.51,61.03,65.26,64.78,64.43,0.48,65.11,0.48,0.39,674.25,669.5,88.56,86.61,220.46,228.03,226.15,76.55,672.6,184.96,87,721.12,211.82,188.26,183.75,86.01,61.27,16.56,27.9,26.56,38.52,15.56,19.96,16.85,19.11,33.86,20.78,35.31,11.55,38.68,27.9,25.46,42.31,41.83,17.95,41.83,41.83,78544,42151,79251,37500,75814,0.48,3.75,90.5,89.87,92.59,95.77,94.98,82.73,77.68,94.14,88.96,79.07,77.18,389.07,92,93.5,92.4
10/8/2025,67.06,63.86,2.2,65.63,67.26,64.46,68.56,67.84,64.56,67.61,54.9,62.94,69.92,52.13,-10.75,-0.04,-0.55,1.2,0.84,2.05,1.79,1.38,1,1.21,0.88,0.6,0.88,62.33,61.82,66.06,65.47,65.27,0.59,67.28,0.59,0.36,676,672,88.42,86.4,221.63,228.59,226.85,77.01,674.94,187.04,86.79,719.86,212.29,190.34,185.56,85.8,62.08,15.79,26.62,25.15,37.57,13.7,20.55,18.1,18.69,33.86,20.65,35.78,11.43,33.95,28.82,26.38,40.77,37.1,19.23,37.1,37.1,72514,43655,68499,36155,74152,0.51,3.73,90.74,90.2,93.08,96.01,95.28,83.02,78.56,93.98,89.16,79.94,77.94,394.22,92,93.5,92.4
10/7/2025,66.49,63.16,2.2,65.23,66.69,63.89,67.99,67.27,63.99,67.04,54.33,62.37,69.35,51.53,-10.6,-0.01,-0.1,1.1,1.38,1.75,1.49,1.01,0.67,0.97,0.74,0.52,0.73,61.73,61.32,65.82,65.29,64.85,0.53,67.28,0.53,0.38,675.75,672.25,87.01,84.93,219.16,226.53,225.09,76.17,669.92,186.09,85.94,712.06,210.45,189.39,184.34,84.42,61.84,16.61,26.31,25.51,34.07,13.7,20.76,18.05,18.7,33.86,19.9,36.25,11.34,36.49,29.37,26.93,42.85,39.64,19.34,39.64,39.64,72514,43655,68499,36155,74152,0.41,4.09,90.7,90.23,92.05,95.14,94.54,82.4,78.16,92.96,88.39,79.54,77.42,392.68,84.8,90.8,91.4
10/6/2025,66.48,63.24,2.2,65.1,66.08,63.63,67.98,67.33,63.85,66.89,53.97,60.36,69.34,50.23,-11.26,0.11,-0.5,1.13,1.3,1.77,1.51,1.34,0.92,0.6,0.84,0.6,1.01,61.78,61.43,65.56,65.17,64.8,0.39,67.28,0.39,0.3,667.75,664.75,86.68,84.78,217.43,225.24,224.3,76.18,669.97,186.86,85.25,710.38,208.54,190.16,184.92,84.03,61.71,17.72,27.75,27.16,34.07,13.7,20.08,16.85,18.68,33.29,19.9,36.25,11.06,35.8,30.4,27.95,43.86,38.94,20.19,38.94,38.94,76255,45326,71622,38658,77155,0.35,3.78,89.63,89.23,91.32,94.6,94.21,82.41,78.48,92.74,87.59,79.87,77.67,391.85,84.8,90.8,91.4
10/3/2025,65.09,62.16,2.2,63.88,65.53,62.46,66.79,65.74,62.99,65.72,52.13,59.13,67.95,49.85,-11.05,-0.08,-0.6,0.95,1.13,1.73,1.47,1.13,0.73,0.46,0.69,0.51,0.66,60.88,60.53,64.36,64.01,63.7,0.35,67.28,0.35,0.18,666.25,661.75,86.96,84.95,216.6,223.63,222.47,75.19,663.22,182.75,85.26,711.63,206.47,186.05,181.4,84.31,60.73,19.02,29.81,28.5,36.02,15.19,18.97,16.11,18.66,33.57,18.01,34.38,10.61,32.15,30.92,28.48,42.31,39.4,20.33,39.4,39.4,80633,41255,79841,37144,84361,0.35,3.48,89.43,88.83,90.97,93.92,93.44,81.58,76.76,92.9,86.72,78.14,76.19,385.63,84.8,90.8,91.4
10/2/2025,64.65,62.03,2.2,63.64,65.09,62.02,66.35,65.3,62.55,65.28,51.69,58.69,67.51,49.65,-11,-0.38,-0.55,1.02,0.98,1.71,1.45,0.55,0.33,0.51,0.36,0.27,0.37,60.68,60.63,64.32,64,63.47,0.32,67.28,0.32,0.17,670.25,664.5,87.36,85.22,217.21,224.63,223.34,74.78,660.53,181.86,85.69,712.16,206.75,185.16,180.76,84.66,60.59,18.79,28.39,27.79,35.93,14.44,18.31,15.88,18.64,32.71,19.14,34.38,10.93,33.6,31.62,29.18,43.85,41.24,20.58,41.24,41.24,79366,41255,78511,35611,83155,0.05,3.64,89.97,89.19,91.23,94.34,93.8,81.25,76.38,92.97,86.84,77.77,75.92,384.78,84.8,90.8,91.4
10/1/2025,66.07,63.18,2.2,65.6,66.51,63.44,67.77,66.72,63.97,66.7,53.11,60.11,68.93,50.6,-11.1,0.03,-0.55,1.08,1.1,1.43,1.32,0.94,0.65,0.41,0.7,0.5,0.88,61.8,61.42,65.42,65.1,65.02,0.32,67.28,0.32,0.58,688.5,681.25,88.86,87.11,224.09,230.14,228.14,75.73,673.95,185.55,87.09,726.78,216.35,188.85,184.32,85.91,61.71,19.99,29.51,28.18,38.59,15.93,19.16,16.44,18.66,27.97,19.02,36.4,10.63,35.12,33.6,31.15,42.85,41.35,20.61,41.35,42.61,86311,40211,79854,33241,87141,0.38,3.62,92.42,91.44,94.12,96.66,95.82,82.9,77.93,94.88,90.87,79.32,77.41,391.88,84.8,90.8,91.4
9/30/2025,68.16,63.88,2.2,66.79,68.6,65.2,69.66,68.76,65.56,68.86,54.96,61.61,71.02,50.41,-12.85,0.51,-0.35,1.15,1.19,1.88,1.77,1.45,1.1,0.82,0.61,0.77,2.92,62.43,62.02,67.06,66.15,66.16,0.91,67.28,0.91,0.63,691.75,685.5,88.39,86.91,226.41,233.25,231.84,76.76,687.32,193.99,86.99,723.78,214.41,197.29,191.84,86.03,62.7,20.57,30.63,29.06,39.26,16.3,19.53,16.77,18.84,33.29,18.3,36.4,10.63,33.15,32.44,29.1,42.85,38.67,21.29,38.67,39.87,87521,41102,81523,32250,89660,0.41,4.63,92.85,92.01,95.09,97.96,97.37,84.54,81.48,94.49,90.05,82.86,80.57,398.16,86.5,94,93
9/29/2025,68.26,64.98,2.2,67.75,68.7,65.3,69.76,68.86,65.66,68.96,55.06,61.71,71.12,51.43,-12.85,0.73,-0.3,1.23,1.15,1.23,1.12,1.05,0.75,0.56,0.78,0.61,0.88,63.45,63.01,67.51,66.69,66.68,0.82,67.18,0.82,1.07,696.25,688.5,89.12,88.87,227.66,235.66,234.87,79.61,724.12,196.21,87.09,728.82,214.11,199.51,194.17,85.95,62.54,22.22,31.59,30.61,40.74,17.78,19.72,17.1,19.52,36,19.52,35.62,10.61,35.13,35.25,31.83,40.77,38.28,19.74,38.28,38.28,91522,38544,93155,31255,96144,0.44,4.06,93.46,92.42,95.62,98.98,98.65,89.07,82.41,95.15,89.93,83.79,81.55,397.11,86.5,94,93
9/26/2025,70.93,67.57,2.2,69.74,71.18,68.08,72.63,71.63,68.38,71.78,57.97,64.54,73.79,53.87,-12.6,0.98,-0.9,1.55,1.29,1.98,1.87,1.63,1.18,0.87,0.64,0.55,1.74,65.72,65.14,69.75,68.82,68.75,0.93,69.62,0.93,0.99,723.75,714.25,89.36,89.15,228.31,242.89,241.67,79.76,724.92,200.46,87.32,732.01,214.7,203.76,198.88,86.17,62.65,22.45,32.65,31.66,41.48,17.04,20.28,17.59,19.45,35.25,18.13,35.62,10.1,34.91,35.42,31.97,42.31,38.06,19.75,38.06,38.06,91522,38544,93155,31255,96144,0.58,4.03,97.15,95.87,95.89,102.01,101.5,89.17,84.19,95.56,90.17,85.58,83.53,397.84,86.5,94,93
9/25/2025,70.79,67.12,2.2,70.12,71.04,67.94,72.49,71.49,68.24,71.64,58.25,64.4,73.65,53.37,-12.02,1.41,-0.8,1.6,0.46,1.18,1.07,1.59,1.15,0.86,0.6,0.96,2.28,65.22,64.59,69.64,68.8,68.97,0.84,69.07,0.84,1.15,726.75,716.25,89.2,89.68,228.23,242.81,241.69,79.65,722.79,197.36,87.13,730.89,214.56,200.66,195.95,85.98,62.6,22.91,33.01,32.01,41.85,17.78,20.85,18.41,19.25,36.25,18.51,37.5,10.45,34.96,35.56,32.22,43.85,38.11,19.88,38.11,38.11,91522,38544,93155,31255,96144,0.63,4.42,97.55,96.14,95.86,101.98,101.51,88.9,82.89,95.42,90.12,84.28,82.3,397.51,86.5,94,93
9/24/2025,69.96,66.81,2.2,70.1,70.91,66.86,71.61,70.66,67.33,70.51,57.95,63.85,72.82,53.58,-11.85,1.69,-0.4,1.7,0.43,1.4,1.29,1.16,0.9,0.68,1,0.83,2.64,64.81,64.24,69.07,68.26,68.66,0.81,68.87,0.81,1.44,713.25,702,88.98,89.01,227.28,237.34,236.54,79.71,724.33,198.14,86.93,729.39,213.75,201.44,195.82,85.74,62.61,23.14,33.72,33.88,44.81,17.78,20.85,18.41,19.25,32.14,18.89,31.25,10.42,34.96,35.56,33.12,42.31,38.11,19.88,38.11,38.11,91522,38544,93155,31255,96144,0.57,4.26,95.74,94.23,95.46,99.68,99.35,89.09,83.22,95.22,89.78,84.6,82.24,397.59,86.5,94,93
9/23/2025,69.05,65.55,2.2,69.03,70,65.95,70.7,69.75,66.42,69.6,57.04,62.94,71.91,52.42,-11.85,1.7,-0.3,1.6,0.38,1.32,1.21,1.33,1.26,0.97,0.7,0.5,2.38,63.65,63.16,67.79,67.17,67.46,0.62,67.89,0.62,1.57,703.5,692.75,88.88,88.99,226.05,234.27,233.56,79.46,724.4,197.26,86.87,727.43,212.17,200.56,194.65,86.23,62.4,21.99,32.3,31.66,45.19,15.93,21.22,18.41,19.22,29.85,17,27.5,9.52,35.77,35.99,33.55,40.77,38.92,20.32,38.92,38.92,89451,43522,82655,27511,87166,0.49,4.14,94.43,92.99,94.94,98.39,98.1,89.1,82.85,94.97,89.11,84.24,81.75,396.22,84.7,95.5,93.3
9/22/2025,67.27,64.59,2.2,67.1,68.22,64.17,68.92,67.97,64.64,67.82,55.26,61.16,70.13,51.41,-11.63,1.08,-0.15,1.65,0.32,1.61,1.5,0.92,0.88,0.76,0.59,0.42,2.11,62.64,62.28,66.47,65.87,66.06,0.6,67.16,0.6,1.04,687.25,676.5,88.47,87.1,222.47,229.23,228.64,79.34,721.86,194.52,86.36,722.83,211.07,197.82,191.8,84.72,62.06,22.45,32.65,31.31,45.19,15.93,20.66,17.76,19.1,31.25,16.37,27.5,9.52,34.11,36.42,33.97,42.31,37.26,20.35,37.26,37.26,89451,38511,82655,27511,87166,0.36,3.83,92.25,90.81,93.44,96.28,96.03,88.79,81.7,94.36,88.65,83.08,80.56,394.07,84.7,95.5,93.3
9/19/2025,67.46,64.53,2.2,67.52,68.26,64.2,68.98,68.09,64.91,68.01,54.91,61.21,70.32,51.1,-11.85,1.49,-0.2,1.55,0.87,1.84,1.73,1.03,0.8,0.6,0.41,0.66,2.62,62.68,62.4,66.66,66.05,66.19,0.61,68.02,0.61,1.33,690.25,678.25,88.61,87.54,223.16,229.89,229.38,79.72,722.07,193.77,86.42,723.99,211.03,197.07,191.26,85.18,61.96,24.06,34.43,32.72,46.3,17.78,21.6,18.58,18.53,38.29,17.63,30,10.25,35.34,36.65,34.21,45.38,38.49,20.42,38.49,38.49,95411,42636,89154,31521,92110,0.28,3.98,92.65,91.04,93.73,96.55,96.34,88.82,81.38,94.52,88.63,82.77,80.33,393.43,84.7,95.5,93.3
9/18/2025,67.93,65.42,2.2,68.3,68.48,64.78,68.98,68.53,65.27,68.48,55.57,61.89,70.79,51.99,-11.6,1.46,-0.2,1.55,0.59,1.85,1.74,0.55,0.41,0.83,0.62,0.42,2.98,63.57,63.26,67.52,66.99,67.01,0.53,68.75,0.53,1.29,701.76,689.25,89,88.63,226.86,234,233.35,80.26,725.89,197.84,86.79,726.57,212.84,201.14,195.21,85.73,62.08,24.06,34.43,32.72,46.3,17.78,21.6,18.58,18.72,36.19,17.63,29.15,10.52,35.01,36.9,34.46,45.38,38.16,20.24,38.16,38.16,95411,42636,89154,31521,92110,0.31,3.95,94.2,92.52,95.28,98.28,98.01,89.29,83.09,94.85,89.39,84.48,81.99,394.23,84.7,95.5,93.3
9/17/2025,68.5,65.7,2.2,69.1,68.94,65.24,69.72,69.05,65.65,68.95,56.34,62.35,71.36,52.69,-11.25,1.71,0.3,1.35,0.67,1.72,1.61,0.85,0.63,0.42,0.3,0.56,2.92,64.05,63.7,67.87,67.33,67.36,0.54,69.52,0.54,1.74,701.75,688.5,89.18,88.99,227.56,235.48,234.87,80.74,729.66,199.57,86.92,727.17,213.45,202.87,196.84,85.9,62.3,24.01,34.62,33.03,46.3,17.22,22.25,18.74,18.58,37.15,17.44,26.65,10.37,34.67,37.04,33.15,46.15,37.82,19.7,37.82,37.82,96855,46522,92633,37584,94511,0.35,3.82,94.19,92.42,95.58,98.9,98.65,89.75,83.82,94.93,89.65,85.21,82.67,395.59,84.7,95.5,93.3
9/16/2025,69.05,66.13,2.2,69.76,69.45,65.79,70.38,69.65,66.48,69.49,57.09,63.03,71.91,53.28,-11.15,1.81,0.4,1.35,0.69,1.79,1.68,0.85,0.63,0.42,0.3,0.56,3.14,64.48,64.13,68.42,67.97,68.28,0.45,70.06,0.45,1.48,716.25,702.75,89.52,89.77,229.25,239.35,238.51,81.15,732.18,200.86,87.15,730.15,215.18,204.16,198.02,86.24,62.55,24.28,34.07,33.42,46.3,17.22,21.78,18.41,18.54,38.29,17.79,23.12,11.56,33.79,38.19,32.16,46.15,36.94,19.62,36.94,36.94,95322,48541,91255,36540,92566,0.35,3.94,96.14,94.33,96.28,100.53,100.17,90.06,84.36,95.32,90.38,85.75,83.17,397.2,90.8,95.7,94.9
9/15/2025,68.22,64.83,2.2,69.03,68.92,64.77,69.62,68.75,65.56,68.55,56.06,62.02,71.08,52.18,-11.15,2.09,0.4,1.25,0.62,1.95,1.84,0.57,0.75,0.56,0.39,0.27,3.63,63.28,63.01,67.47,67.02,67.3,0.45,69.4,0.45,1.73,696,683.5,88.7,87.99,226.35,232.9,232.33,80.27,727.1,197.92,86.3,721.18,212.15,201.22,195.08,85.79,61.93,22.45,34.63,33.07,39.71,16.67,21.41,18.41,18.24,37.15,17.76,23.12,10.02,34.58,36.89,34.45,42.33,37.73,19.24,37.73,37.73,83141,42633,79636,44015,84533,0.27,4.19,93.42,91.74,95.07,97.82,97.58,89.43,83.13,94.15,89.1,84.51,81.93,393.28,90.8,95.7,94.9
9/12/2025,67.5,64.3,2.2,68.62,68.2,64.05,68.9,68.03,64.84,67.83,55.34,61.3,70.36,51.24,-11.6,1.98,-0.3,1.31,0.65,2.21,2.16,0.67,0.51,0.78,0.58,0.41,3.27,62.69,62.42,66.99,66.54,67.02,0.45,67.74,0.45,1.6,691,665.25,88.46,87.45,223.41,229,228.37,79.71,721.93,195.24,85.96,717.24,209.02,198.54,192.88,85.26,61.62,22.22,33.72,32.01,37.96,16.67,20.66,18.08,18.05,38.29,16.5,23.28,9.52,35.2,35.6,33.18,43.91,38.35,19.67,38.35,38.35,78544,42633,75844,43511,73262,0.27,4.3,92.75,89.3,93.83,96.18,95.92,88.8,82,93.63,87.79,83.39,81.01,391.3,90.8,95.7,94.9
9/11/2025,66.78,63.72,2.2,67.6,67.36,63.33,68.18,67.31,64.12,67.11,54.62,60.58,69.64,50.85,-11.6,1.61,-0.35,1.12,0.35,2.34,2.15,0.26,0.49,0.39,0.3,0.21,3.44,62.3,62.02,66.29,65.94,66.38,0.35,67.55,0.35,1.22,688.5,679.25,86.2,84.86,222.91,227.76,227.31,77.05,697.68,193.84,84.37,706.47,206.45,197.14,191.57,84.29,60.87,19.93,32.94,31.71,37.96,16.67,21.13,18.66,18.51,35.96,17.08,23.28,9.62,35.1,34.97,32.53,48.56,38.25,20.3,38.25,38.25,75141,42633,66388,33655,68914,0.28,3.99,92.42,91.17,93.62,95.66,95.47,85.82,81.41,92.23,86.71,82.8,80.46,386.54,90.8,95.7,94.9
9/10/2025,68.01,65.12,2.2,68.87,68.59,64.56,69.42,68.46,65.16,68.46,56.03,61.89,70.87,51.81,-11.4,1.7,-0.3,1.15,0.46,2.13,1.98,0.26,0.49,0.39,0.3,0.21,3.32,63.67,63.35,67.52,67.12,67.19,0.4,68.67,0.4,1.68,702,696.25,88.66,87.92,226.22,233.37,232.63,79.76,722,196.78,85.96,723.42,212.46,200.08,194.95,85.44,62.54,17.23,26.57,25.38,34.26,15.56,21.13,18.53,17.56,38.29,16.82,23.28,9.48,36.28,37.15,34.71,45.38,39.43,21.16,39.43,39.43,61222,40531,43166,31633,58644,0.32,3.85,94.23,93.46,95.01,98.02,97.7,88.81,82.65,94.44,89.23,84.03,81.88,397.14,90.8,95.7,94.9
9/9/2025,66.94,64.4,2.2,67.49,67.6,64.28,68.57,67.54,64.09,67.39,54.96,60.59,69.8,51.37,-11.2,1.34,-0.25,1.33,0.34,2.15,1.98,0.28,0.41,0.28,0.36,0.25,3.14,62.77,62.42,66.53,66.24,66.42,0.29,67.85,0.29,1.07,696,692,88.69,87.84,225.02,232.43,231.42,79.2,718.79,196.13,86.08,720.54,210.92,199.43,193.35,85.45,62.22,16.61,25.77,24.7,34.26,15.56,21.28,18.67,16.99,36,16.12,23.28,9.51,34.66,37.61,37.61,45.38,37.81,21.23,37.81,37.81,58541,41314,46821,29888,57854,0.35,3.76,93.42,92.89,94.51,97.62,97.2,88.41,82.37,94.07,88.59,83.76,81.21,395.12,92.6,95.8,94.3
9/8/2025,66.74,63.82,2.2,66.69,67.59,63.89,68.37,67.54,64.14,67.39,54.38,60.19,69.6,50.86,-11.4,0.95,0.05,1.26,0.46,2.13,1.98,0.45,0.5,0.45,0.51,0.39,3.03,62.26,61.87,66.24,65.85,65.71,0.39,67.35,0.39,0.98,694.25,687,87.86,86.64,224.39,231.19,229.95,78.47,710.42,192.56,85.22,713.61,210.12,195.86,190.15,84.26,61.54,18.19,26.6,25.36,34.26,15.56,20.76,18.08,17.52,35.36,17.13,23.28,9.5,32.8,38.86,36.42,48.46,35.95,20.35,35.95,35.95,61524,44350,51440,31700,64800,0.39,3.98,93.19,92.21,94.24,97.1,96.58,87.38,80.88,93.16,88.25,82.26,79.86,390.77,92.6,95.8,94.3
9/5/2025,65.71,63.25,3.2,65.88,66.56,63.86,67.34,66.66,62.91,66.07,54.08,59.26,68.57,54.56,-11.36,0.26,0.32,1.37,0.52,1.54,1.69,0.48,0.56,0.59,0.43,0.29,3.03,61.87,61.46,65.67,65.23,65.02,0.44,66.28,0.44,0.86,684,678,86.78,84.99,222.7,228.7,227.77,79.02,712.36,193.63,84.12,703.6,204,194.32,190.31,83.87,59.63,17.64,25.55,25.15,34.81,14.81,20.66,18.58,16.63,34.01,16.37,23.44,9.38,39.62,42.41,43.64,46.96,35.16,22.43,35.16,35.16,49856,44350,53221,29631,51744,0.41,3.8,91.81,91.01,93.53,96.05,95.66,87.62,81.32,91.85,85.68,81.61,79.93,378.65,92.6,95.8,94.3
9/4/2025,67.32,64.68,3.2,69.25,68.17,65.47,68.95,68.12,64.52,67.68,55.69,60.87,70.18,56.17,-11.36,0.54,0.3,1.26,0.58,1.12,0.26,0.51,0.61,0.68,0.49,0.34,3.02,63.13,62.84,66.8,66.34,66.42,0.46,67.88,0.46,2.83,693.59,682.18,88.21,87.06,226.33,232.33,231.2,79.33,726.36,202.47,85.62,713.97,212.36,200.22,193.93,85.55,61.12,16.04,24.67,23.75,32.59,14.81,20.38,17.32,17.64,35.94,17.38,23.44,9.59,38.54,36.5,35.81,44.25,27.8,21.84,27.8,27.8,44511,44350,51200,32622,48566,0.29,3.67,93.1,91.57,95.06,97.58,97.1,89.34,85.04,93.21,89.19,84.09,81.45,388.11,92.6,95.8,94.3
9/3/2025,67.7,65.06,3.2,69.8,68.5,66.14,69.33,69.2,65.1,68.11,56.07,61.3,70.56,55.55,-11.36,0.75,0.3,1.36,0.55,0.68,0.25,0.52,0.57,0.56,0.63,0.46,3.2,63.79,63.39,67.39,66.95,66.94,0.44,67.92,0.44,2.86,702.08,689.84,89.2,87.9,228.2,234.2,233.09,79.17,717.79,201.37,86.59,726.82,206,200.08,194.59,86.54,62.75,15.12,23.38,22.4,31.48,14.07,20.61,17.48,16.63,37.42,17.63,23.12,9.59,36.51,37.04,36.37,46.36,26.69,20.25,26.69,26.69,44511,44350,50200,31020,47855,0.4,3.6,94.24,92.6,95.84,98.36,97.9,88.29,84.58,94.89,86.52,84.03,81.73,398.43,92.6,95.8,94.3
9/2/2025,69.53,66.46,3.2,71.32,70.06,67.97,71.16,71.03,67.57,70.08,57.9,63.13,72.39,56.03,-11.96,2.35,0.16,1.33,0.68,0.7,0.85,0.79,0.73,0.77,0.56,0.41,3.34,65.66,65.12,69.17,68.61,68.33,0.56,69.58,0.56,2.99,707.5,703,88.69,87.84,231.55,237.55,236.36,80.44,725.56,203.45,86.61,728.67,212.12,204.33,198.25,86.03,64.49,13.94,22.73,21.85,31.67,14.07,20.24,17.38,15.33,37.91,18.26,22.5,9.69,37.66,38.92,38.05,52.63,35.63,20.89,35.63,35.63,44511,43252,47522,28966,45363,0.54,3.51,94.97,94.36,97.25,99.77,99.27,89.24,85.45,95.13,89.09,85.82,83.26,409.53,90.4,95.1,94.6
9/1/2025,68.89,65.65,3.2,68.83,69.42,67.33,70.52,70.39,66.93,69.44,57.26,62.49,71.75,55.39,-12.13,2.62,0.25,1.15,0.7,2.43,2.58,0.92,0.97,0.93,0.91,0.65,3.47,64.56,64.02,68.16,67.52,67.68,0.42,68.67,0.64,1.15,682.84,674.79,86.7,86.08,224.79,230.79,229.23,79.36,707.46,198.77,84.84,723.84,209.6,199.24,193.78,84.04,64.74,14.26,22.78,21.86,30.13,14.26,20.09,16.93,16.71,36.2,18.39,22.34,10.25,38.26,41.6,40.01,48.96,37.12,20.63,37.12,37.12,43350,44966,41361,26900,42360,0.54,3.6,91.66,90.58,94.41,96.93,96.28,87.02,83.48,94.5,88.03,83.68,81.39,411.07,90.4,95.1,94.6
8/29/2025,67.93,65.27,3.2,69.82,68.46,66.37,69.56,69.43,65.97,68.48,56.3,61.53,70.79,54.43,-11.63,2.39,0.27,1.22,0.72,2.36,1.21,0.57,0.66,0.78,0.84,0.6,2.37,64,63.45,68.16,67.46,67.92,0.55,67.96,0.7,1.9,675.75,673.84,86.04,85.72,221.22,227.22,226.94,80.63,695.02,219.74,84.66,711.25,204.16,222.94,198.42,83.38,64.74,15.35,23.07,22.34,30.13,14.26,20.28,18.01,16.88,37.3,17.69,22.34,10.06,38.22,40.26,32,47.36,41.52,21.63,41.52,41.52,46366,41563,43966,28674,44361,0.55,4.16,90.7,90.45,92.91,95.43,95.31,85.49,92.29,92.85,85.75,93.63,83.34,411.07,90.4,95.1,94.6
8/28/2025,67.78,64.93,3.2,69.2,68.31,66.22,69.41,69.28,65.82,68.33,56.15,61.38,70.64,54.28,-12.03,2.09,0.25,1.12,0.65,3.16,4.91,0.58,0.66,0.74,0.55,0.38,2.28,64.15,63.59,68.33,67.7,67.55,0.34,68.34,0.63,1.65,675,672.61,86.17,85.62,223.53,229.53,229.4,79.08,701.59,214.32,84.32,710.25,202.6,222.94,198.42,83.51,63.7,15.24,23,21.86,28.89,13.7,20.24,17.55,16.76,36.4,17.08,22.81,9.93,37.15,41.16,32.16,45.2,42.16,22.7,42.16,42.16,43350,44966,41361,26900,42360,0.56,4.18,90.6,90.28,93.88,96.4,96.35,86.3,90.01,92.72,85.09,93.63,83.34,404.49,90.4,95.1,94.6
8/27/2025,67.28,64.7,3.2,69.22,67.81,65.72,68.91,68.78,65.32,67.83,55.65,60.88,70.14,53.78,-11.26,2.33,0.15,1.12,0.41,2.79,2.94,0.44,0.51,0.6,0.64,0.5,2.03,63.86,63.33,67.88,67.2,67.56,0.4,67.63,0.68,1.66,674.5,672.27,86.15,85.57,222.33,228.33,228.3,78.66,701.06,213.92,84.37,710,206.33,214.28,196.29,82.36,63.33,15.25,22.98,21.92,28.89,13.7,20.4,17.73,16.77,36.2,17.05,22.81,9.96,36.15,40.26,33.15,46.15,42.36,19.68,42.36,42.36,46900,41533,48600,38711,43622,0.53,4.02,90.54,90.24,93.38,95.9,95.89,86.23,89.85,92.69,86.66,90,82.44,402.14,90.4,95.1,94.6
8/26/2025,67.33,63.85,3.2,69.63,67.86,65.77,68.96,68.83,65.37,67.88,54.73,59.93,70.19,53.83,-12.52,1.96,-0.36,1.25,0.48,2.33,2.48,0.39,0.41,0.51,0.39,0.29,2.12,63.18,62.71,67.15,66.6,68.97,0.44,69.85,0.55,0.66,675,672.3,86.06,85.46,226.62,228.62,227.25,78.65,701.1,211.8,84.34,712,205.69,212.84,195.35,83.4,63.32,15.35,22.94,21.99,28.7,12.59,20.97,17.83,16.96,34.74,16.91,22.81,9.83,35.11,42.11,35.63,46.92,41.16,18.63,41.16,41.16,51200,56000,46533,31500,43661,0.47,3.97,90.6,90.24,95.18,96.02,95.44,86.24,88.96,92.95,86.39,89.39,82.05,402.1,92.4,96.6,96.6
8/25/2025,69.27,65.36,3.2,70.13,69.8,67.47,70.9,70.77,66.64,69.74,58.05,59.7,72.13,58.91,-13.16,1.09,-0.35,1.25,0.45,2.13,2.36,0.39,0.41,0.51,0.39,0.29,2.13,64.69,64.2,68.69,68.1,69.25,0.48,69.53,0.59,0.88,690.5,685.25,87.06,86.4,232.75,234.65,234.12,77.56,697.31,206.36,84.72,721.5,216.75,214.98,199.18,84.76,65.57,15.58,22.27,23,28.13,11.99,21.54,20.3,16.28,33.21,20.54,21.95,9.14,36.28,41.85,32.72,43.93,31.33,21.47,31.33,31.33,42195.28,44312.98,40672.27,27213.47,42206.2,0.49,4,92.68,91.98,97.76,98.55,98.33,85.77,86.67,94.19,91.04,90.29,83.66,416.39,92.4,96.6,96.6
8/22/2025,69.27,64.67,3.2,69.86,69.98,67.47,71.2,70.77,66.64,69.74,58.05,58.52,72.13,58.64,-12.21,1.23,-0.33,1.33,0.63,2.85,2.56,0.68,0.59,0.55,0.44,0.55,2.56,63.41,63,67.54,67,68.51,0.53,68.59,0.54,1.35,682.75,678.25,86.13,85.35,230.66,232.56,232.01,77.81,689.63,212.36,84.48,712.05,204.8,216.01,198.11,83.83,66.74,15.85,22.49,23.23,28.41,12.11,21.75,21.01,16.44,33.54,20.75,22.17,9.23,36.64,42.27,33.05,44.37,31.64,21.69,31.64,31.64,42617.23,44756.11,41079,27485.61,42628.26,0.41,4.13,91.64,91.04,96.88,97.68,97.44,84.83,89.19,92.96,86.02,90.72,83.21,423.8,92.4,96.6,96.6
8/21/2025,68.27,64.36,3.2,69.85,69.17,66.47,70.2,70.07,65.64,68.74,57.05,61.91,71.13,52.69,-12.83,1.24,-0.33,1.33,0.73,2.85,2.56,0.74,0.94,0.73,0.59,0.46,2.56,63.14,62.93,67.03,66.47,67.15,0.63,67.65,0.56,2.7,682.75,678.25,85.16,85.35,230.66,232.56,232.01,77.81,689.63,212.36,84.48,712.05,204.8,216.01,198.11,82.86,65.96,15.75,22.43,23.17,28.33,12.08,21.69,21.33,16.39,33.45,20.69,22.11,9.21,36.54,42.15,32.96,44.25,31.56,21.63,31.56,31.56,42500,44633,40966,27410,42511,0.21,3.89,91.64,91.04,96.88,97.68,97.44,84.83,89.19,92.96,86.02,90.72,83.21,418.85,92.4,96.6,96.6
8/20/2025,67.53,63.96,3.2,68.55,68.38,65.73,69.38,69.33,65.2,68.26,56.31,61.17,70.39,52.29,-12.36,1.24,-0.15,1.24,0.77,2.65,2.56,0.77,1.08,0.74,0.59,0.45,2.56,62.51,62.01,65.95,65.45,67.18,0.52,66.98,0.5,1.37,669.5,665.25,85.09,84.31,225.58,227.48,226.88,76.9,687.29,209.35,83.41,702.23,206.96,213,196,82.79,63.09,14.11,22.16,22.74,28.15,11.85,21.29,20.1,16.09,33.02,20.12,21.85,9.1,37.5,44.2,35.96,46.15,28.74,20.16,28.74,28.74,39653,41696,36122,28322,38141,0.5,3.44,89.87,89.3,94.74,95.54,95.29,84.54,87.93,91.67,86.92,89.46,82.32,400.62,92.4,96.6,96.6
8/19/2025,67.17,63.17,3.2,68.16,67.92,65.51,68.97,68.97,64.47,67.83,55.57,60.87,70.03,52.17,-12.15,1.17,-0.25,1.15,0.78,2.32,2.18,0.91,1.19,0.85,0.62,0.46,2.18,63.34,62.6,66.46,65.89,65.77,0.66,,0.57,2.39,657.25,654.25,84.01,83.31,223.16,225.61,224.91,75.8,672.3,209.31,84.01,694.11,203.14,209.39,192.91,81.71,62.93,13.64,20.65,21.39,27.78,12.23,21.09,19.05,15.85,32.35,19.68,21.85,8.56,31.6,45.7,35.24,46.52,26.39,19.67,26.39,26.39,36500,43563,36122,29799,38141,0.74,3.12,88.22,87.82,93.73,94.76,94.46,82.69,87.91,90.61,85.32,87.94,81.02,399.59,89.6,96.5,96.4
8/18/2025,67.25,63.35,3.2,66.69,68.21,66.05,69.55,69.05,64.75,64.85,55.75,62.65,70.11,52.31,-11.63,1.05,-0.5,0.92,0.89,2.23,2.14,1.35,1.43,1.04,0.7,0.51,2.14,63.13,62.33,66.15,65.18,66.85,0.88,68.15,0.97,-0.16,684.88,676.88,87.61,86.63,222.16,223.66,223.01,76.74,682,209.15,85.76,712.63,201.85,209.1,193.02,85.31,66.29,13.41,20.22,21.33,26.85,12.22,20.22,19.05,15.45,31.48,19.29,21.88,8.36,30.97,44.79,34.54,45.59,25.86,19.28,25.86,25.86,35770,42691.74,35399.56,29203.02,37378.18,0.8,3.02,91.93,90.86,93.31,93.94,93.66,83.89,87.84,93.03,84.78,87.82,81.07,420.94,89.6,96.5,96.4
8/15/2025,67.87,63.46,3.2,68.36,68.72,65.01,70.17,67.49,64.97,68.93,55.02,61.25,70.73,50.25,-11.5,0.98,-0.63,0.93,1.01,2.37,2.37,1.72,1.38,1.56,1.1,0.75,2.37,64.04,63.11,66.93,66.23,66.95,0.71,68.95,0.7,1.41,656.02,654.25,83.63,83.09,222.01,223.96,224.03,76.18,679.52,207.41,82.66,685.36,202.36,207.15,191.56,81.33,64.53,13.22,20.63,21.12,26.58,12.1,21.56,18.86,15.3,31.17,19.09,21.66,8.28,32.85,44.34,38.54,46.9,27.66,18.15,27.66,27.66,35412.3,42264.82,35045.56,28910.99,37004.4,0.93,2.89,88.06,87.82,93.24,94.06,94.09,83.58,87.11,89.47,84.99,87,80.46,409.77,89.6,96.5,96.4
8/14/2025,68.22,64.02,3.2,68.49,69.77,65.62,70.47,67.76,65.22,63.94,55.97,62.31,71.08,51.12,-11.75,0.86,-0.25,0.9,0.99,2.33,2.26,1.32,1.28,1.08,1.02,0.74,2.26,62.75,62.01,65.72,65.22,65.77,0.63,67.85,0.5,2.72,655.36,653.36,83.35,82.73,222.41,223.85,224.01,76.15,680.15,211.03,82.81,692.3,206.31,211.02,194.24,81.05,62.96,13.98,21.06,21.8,27.05,11.4,22.41,19.63,16.03,34.5,19.85,22.96,8.94,33.7,49.06,39.45,47.63,28.02,18.47,28.02,28.02,36588,44033,37114,29214,38200,0.74,2.97,87.97,87.7,93.41,94.02,94.08,83.66,88.63,90.38,86.65,88.63,81.58,399.83,89.6,96.5,96.4
8/13/2025,66.96,59.11,3.2,67.2,67.82,63.76,69.32,66.67,57.11,62.56,54.76,60.96,69.82,50.02,-12.02,0.61,-0.35,0.88,0.87,2.24,2.45,1.28,1.21,1.18,0.96,0.68,2.24,63.19,62.49,66.13,65.61,66.36,0.85,69.79,0.52,0.84,654.5,652.25,83.91,82.21,222.33,223.15,224.32,75.18,669.25,207.63,81.64,688.41,203.6,207.59,190.78,81.02,63.56,13.56,20.12,21.41,26.66,11.15,21.43,18.06,15.62,32.63,19.5,22.81,8.62,34.51,48.05,40.85,49.71,28.25,19.26,28.25,28.25,35411,41200,36112,27114,36142,0.7,2.94,87.85,87.55,93.38,93.72,94.21,82.32,87.2,89.87,85.51,87.19,80.13,403.64,89.6,96.5,96.4
8/12/2025,67.56,57.95,3.2,67.93,68.46,64.72,69.91,67.22,55.95,61.21,55.36,61.56,70.42,51.12,-12.1,0.55,-0.15,0.91,0.83,2.25,2.66,1.17,0.94,1.18,0.97,0.69,2.25,63.96,63.09,66.63,66.06,66.74,0.9,68.97,0.57,1.19,661.12,658.85,84.56,83.52,219.63,225.71,227.63,75.88,676.41,205.41,82.26,696.36,204.36,206.45,191.05,82.13,66.36,13.33,19.89,21.7,26.62,11.66,21.66,18.11,15.71,33.01,19.74,23.68,8.74,34,47.63,40.36,49.02,28.71,19.02,28.71,28.71,36021,42500,34631,29152,38711,0.87,2.67,88.74,88.44,92.24,94.8,95.6,83.2,86.27,90.91,85.83,86.71,80.24,421.39,85.6,97.1,96.9
8/11/2025,67.43,58.65,3.2,68.46,68.32,64.43,69.78,67.12,56.65,61.91,55.23,61.43,70.29,50.87,-12.36,0.43,0.13,0.75,0.96,2.68,2.45,1.28,1.21,1.05,0.89,0.53,2.45,63.88,63,66.59,65.92,67.11,0.99,69.54,0.67,1.35,670.5,665.5,84.95,83.85,223.48,228.24,229.1,76.9,693.75,206.04,83.25,702.25,206.85,207.66,192.16,82.35,61.88,13.47,20.05,21.69,27.04,12.04,22.09,18.99,15.84,33.46,19.86,23.75,8.72,33.62,47.01,40.31,48.46,29.27,19.45,29.27,29.27,36865,41621,35656,28836,39428,0.88,2.71,90,89.33,93.86,95.86,96.22,85.33,86.53,91.68,86.88,87.22,80.71,392.94,85.6,97.1,96.9
8/8/2025,67.77,64.77,3.2,68.81,68.57,63.07,69.42,67.37,63.74,68.42,55.22,61.75,70.63,50.7,-12.08,0.32,0.12,0.7,1.25,2.86,2.49,1.26,1.2,1,0.64,0.43,2.49,63.88,63.04,66.43,65.9,67.07,0.95,70.68,0.53,1.74,675.5,670.5,85.8,84.8,222.5,226.96,227.93,76.75,695.25,205.61,84.1,707.5,205.06,208.61,192.81,83.5,63.46,13.12,20.05,21.89,25.93,12.04,22.09,18.02,15.84,34.01,19.86,23.75,8.72,34.05,47.68,40.98,49.23,31.86,19.87,31.86,31.86,36574,41478,32854,29439,37350,0.84,2.55,90.67,90,93.45,95.32,95.73,85.52,86.36,92.36,86.12,87.62,80.98,402.95,85.6,97.1,96.9
8/7/2025,67.86,64.65,3.2,68.8,68.66,63.05,69.51,67.46,63.9,68.51,55.31,62.34,70.72,50.86,-11.98,0.54,0,0.6,1.02,3.26,2.87,1.02,0.94,0.8,0.55,0.35,2.87,64.35,63.41,66.89,66.27,68.3,1,70.61,0.62,0.5,670.25,665.75,85.4,84.5,221.18,225.83,226.68,76.35,696.5,206.88,84.6,704.5,203.93,207.75,191.99,83.15,63.65,13.12,20.05,21.89,25.93,12.04,22.09,18.02,15.45,32.91,19.86,24.38,8.18,34.05,47.68,40.98,49.23,32.29,19.87,32.29,32.29,36398,41252,32678,28367,37169,0.94,2.54,89.97,89.36,92.9,94.85,95.21,85.67,86.89,91.97,85.65,87.26,80.64,404.2,85.6,97.1,96.9
8/6/2025,69.57,65.24,3.2,69.95,70.37,64.73,71.22,69.17,65.24,70.22,58.07,63.53,72.43,51.36,-11.82,0.87,-0.62,0.62,1.2,3.04,2.74,1.21,1.16,0.93,0.6,0.35,2.74,65.16,64.2,67.64,66.97,67.92,0.88,71.34,0.67,2.03,682.5,676.5,86.8,85.7,220.43,225.78,226.28,77.3,697.25,207.04,85.95,717.25,204.4,209.04,193.17,84.75,64.2,12.65,19.52,20.89,25.74,11.85,22.09,16.56,15.06,35.1,19.86,24.38,8.18,34.05,45,41.65,49.23,31.43,17.76,31.43,31.43,34495,40973,32126,30879,34598,0.96,2.48,91.61,90.81,92.58,94.83,95.04,85.76,86.96,93.64,85.85,87.8,81.13,407.7,85.6,97.1,96.9
8/5/2025,69.62,66.1,2.2,69.58,70.67,64.99,71.27,69.22,65.94,70.27,58.12,63.69,72.48,52.26,-11.7,0.95,-0.35,0.57,1.25,2.91,2.55,1.3,1.15,0.91,0.56,0.33,2.55,66.29,65.3,68.76,68.01,69.07,1.04,72.39,0.75,0.51,670.25,664.5,88.3,87,219.04,224.83,225.02,77.2,689.75,206.9,86.85,704.5,202.77,209.15,193.78,86.4,64.09,11.71,18.81,20.09,25.74,11.85,18.41,16.56,14.68,39.49,20.21,24.38,7.27,34.05,42.99,40.98,49.23,31,17.76,31,31,32278,28310,32269,37896,29841,0.99,2.47,89.97,89.19,92,94.43,94.51,84.84,86.9,91.97,85.16,87.84,81.39,406.95,82.9,96.5,95.4
8/4/2025,71.1,67.28,2.2,70.73,72.15,66.55,72.75,70.7,66.98,71.75,59.6,64.2,73.96,54.19,-11.7,1.31,0.05,0.62,1.51,3.44,3.15,1.56,1.34,1.04,0.72,0.46,3.15,67.33,66.2,69.67,68.76,69.81,1.24,73.66,0.91,0.92,686.75,679.5,88.25,86.85,225.88,231.06,231.76,77.55,697.75,207.47,86.65,719.25,208.51,210.22,195.16,86.7,63.73,10.77,18.1,20.09,25.19,11.85,16.11,14.61,14.68,39.49,20.21,24.38,6.72,34.48,41.65,39.64,49.23,27.55,17.76,27.55,27.55,29992,20464,31086,38193,25079,1.13,2.34,92.18,91.21,94.87,97.05,97.34,85.82,87.14,93.9,87.57,88.29,81.97,404.7,82.9,96.5,95.4
8/1/2025,71.53,68.33,2.2,71.49,72.58,66.11,73.18,71.13,67.74,72.18,60.03,66.95,74.39,54.19,-11.7,1.19,0.2,0.62,1.6,3.57,3.09,1.74,1.61,1.39,1.17,0.84,3.09,69.26,68.2,72.53,71.7,72.65,0.7,73.66,0.83,-1.16,681.75,674.75,91.45,89.9,224.12,229.59,229.99,79.8,707.25,209.86,88.95,710.75,207.99,211.86,196.82,90,65.03,10.77,18.1,19.28,25.19,11.85,16.11,15.1,14.29,40.59,19.86,25,6.54,34.48,41.65,39.64,47.69,27.55,17.76,27.55,27.55,29358,19756,30453,40169,24417,1.06,3.27,91.51,90.57,94.13,96.43,96.6,86.99,88.14,92.79,87.36,88.98,82.66,412.95,82.9,96.5,95.4
7/31/2025,72.89,70.3,2.2,74.85,73.94,68.16,74.79,72.39,69.78,73.54,61.39,67.61,75.75,56.25,-11.65,0.67,0.45,0.65,1.44,3.32,2.65,1.59,1.48,1.28,0.99,0.7,2.65,70,68.93,73.24,72.47,73.43,1.27,74.33,0.77,1.42,706,699.5,92.35,90.8,233.69,239.59,239.95,80.7,722.75,213.02,89.95,733,215.59,221.56,217.39,91,64.76,10.3,17.04,18.68,24.44,11.48,14.73,13.64,13.91,38.4,18.47,25,6.36,34.91,41.65,38.97,47.69,25.83,20.29,25.83,25.83,25633,14672,28592,35761,21773,1.07,3.24,94.77,93.89,98.15,100.63,100.78,88.9,89.47,95.69,90.55,93.06,91.3,411.2,82.9,96.5,95.4
7/30/2025,73.31,71.16,2.2,75.63,74.12,68.65,75.21,72.81,70.58,73.81,61.81,68.25,76.17,56.98,-11.65,0.77,0.1,0.72,1.43,3.25,3,1.55,1.47,1.29,0.99,0.68,3,69.21,68.28,72.51,71.68,71.27,1.14,75.54,0.83,4.36,709,701.5,91.7,90.15,235.34,241.06,241.85,80.05,718.25,216.96,89.4,733,217.81,226.91,220.21,90.4,64.91,10.19,16.86,18.48,24.44,11.48,14.73,13.64,13.91,31.81,17.77,25,6,34.91,41.65,38.97,47.69,25.83,21.98,25.83,25.83,24880,14661,28426,24915,21043,0.93,3.3,95.17,94.16,98.84,101.25,101.58,88.35,91.12,95.69,91.48,95.3,92.49,412.2,82.9,96.5,95.4
7/29/2025,71.39,70.3,2.2,73.47,72.2,66.86,73.29,70.89,69.92,71.89,59.94,67.02,74.25,56.72,-11.3,0.52,-0.15,0.65,1.34,3.48,2.86,1.54,1.34,1.14,0.89,0.61,2.86,66.71,65.91,70.04,69.32,69.91,0.96,74.52,0.72,3.56,708.5,698.5,90.55,88.85,239.74,244.91,246.38,77.8,693.5,214.34,88.1,729,221.04,221.84,217.59,89.55,63.61,10.3,16.86,18.68,25.19,12.04,14.27,12.66,14.29,30.72,16.73,25.94,6,34.91,40.31,36.96,46.15,24.97,24.1,24.97,24.97,25538,13583,30758,23790,22297,0.8,3.33,95.1,93.76,100.69,102.86,103.48,85.3,90.02,95.17,92.83,93.17,91.39,403.95,81.4,96.1,95.5
7/28/2025,70.27,67.94,2.2,71.91,71.08,65.54,72.17,69.77,67.67,70.77,58.82,65.46,73.13,54.38,-11.3,0.71,-0.25,0.68,1.07,3.27,2.94,1.28,1.15,0.94,0.74,0.47,2.94,65.16,64.34,68.44,67.66,68.97,0.96,73.76,0.78,2.94,708.75,695.25,89.55,87.75,235.94,240.36,242.66,76.3,684.25,207.21,86.85,730.5,216.74,213.52,210.21,88.7,62.71,10.3,16.86,18.68,25.19,12.22,13.81,12.66,14.29,26.33,16.73,25.94,6.18,34.91,40.31,34.96,46.15,25.83,24.52,25.83,25.83,25834,12126,31054,16477,22603,0.82,3.28,95.13,93.32,99.09,100.95,101.92,84.16,87.03,95.37,91.03,89.68,88.29,398.2,81.4,96.1,95.5
7/25/2025,69.51,66.66,2.2,70.97,70.32,64.78,71.41,69.01,66.03,70.01,58.06,66.15,72.37,52.82,-11.3,0.73,-1.25,0.52,1.16,3.45,2.93,1.45,1.4,1.14,0.88,0.66,2.93,66.03,65.13,69.18,68.36,69.75,1.2,72.66,0.82,1.22,715.25,698.5,90.15,88.45,233.91,237.91,240.62,76.55,690.5,205.33,87.5,738.5,214.88,209.7,206.33,89.55,63.5,10.54,17.39,18.88,25.19,12.41,14.27,12.66,14.29,26.33,16.73,26.25,6.54,35.34,40.31,34.96,46.15,26.69,20.71,26.69,26.69,27546,13375,31001,18597,23723,0.9,3.15,96.01,93.76,98.24,99.92,101.06,84.93,86.24,96.41,90.25,88.07,86.66,403.19,81.4,96.1,95.5
7/24/2025,70.65,67.54,2.2,71.85,71.55,65.89,72.55,69.55,66.74,71.65,59.2,65.53,73.51,53.59,-11.3,0.65,-1.2,0.4,1.37,3.88,2.85,2.1,1.81,1.35,0.93,0.65,2.85,65.25,64.49,68.51,67.83,68.07,1.04,72.7,0.68,3.78,706.75,693.25,90.1,88.5,234.92,238.87,241.29,76.55,694.25,204.74,88.1,731.75,215.37,210.42,207.54,89.5,63.14,10.77,17.75,19.28,25.93,12.59,14.27,12.66,14.29,26.33,17.77,26.25,6.72,35.34,40.31,34.96,46.15,25.83,21.98,25.83,25.83,28769,13332,32719,18388,24971,0.76,3.26,94.87,93.05,98.67,100.33,101.34,85.39,85.99,95.53,90.46,88.38,87.17,400.95,81.4,96.1,95.5
7/23/2025,69.61,66.73,2.2,70.22,70.61,64.85,71.51,68.51,66.32,70.61,58.16,64.69,72.47,53.12,-11.18,0.82,-0.9,0.25,1.28,3.4,2.8,2.1,1.8,1.27,0.86,0.61,2.8,66.21,65.31,68.59,67.77,67.97,1.03,73.26,0.82,2.25,711.25,694,89.4,87.85,238.53,242.28,244.9,75.65,683.25,208.18,87.45,735.75,217.9,212.13,208.81,88.85,62.71,11.48,17.92,19.48,27.04,12.96,15.19,12.66,14.68,26.33,17.77,26.88,6.91,35.34,39.64,34.96,46.15,22.82,21.14,22.82,22.82,29479,16694,35347,16921,28728,0.9,2.38,95.47,93.15,100.18,101.76,102.86,84.04,87.44,96.05,91.52,89.09,87.7,398.2,81.4,96.1,95.5
7/22/2025,69.85,66.69,2.2,70.12,70.85,65.09,71.85,68.75,66.22,70.85,58.35,64.53,72.71,53.08,-11.18,1.02,-1.45,0.25,1.37,3.25,2.94,2.17,1.84,1.37,1,0.67,2.94,67.2,65.95,69.21,68.38,68.39,1.1,74.75,0.83,1.73,715.5,696,90.7,88.75,238.72,242.1,245.18,76.4,685.25,203.94,88.3,734.75,219.22,210.19,206.94,90,63.1,11.83,18.28,19.68,27.04,12.96,15.65,12.66,14.68,26.33,18.12,26.88,6.91,34.48,39.64,34.29,46.15,19.8,21.14,19.8,19.8,30423,18157,35112,16446,30331,1.25,2.01,96.04,93.42,100.26,101.68,102.98,84.29,85.65,95.92,92.07,88.28,86.91,400.69,89.9,94.8,93.9
7/21/2025,70.54,67.56,2.2,70.39,72.04,65.81,72.54,69.44,66.87,71.84,59.04,64.82,73.4,53.4,-11.4,1.2,-1.3,0.3,1.43,3.07,2.97,2.18,1.9,1.45,1.04,0.72,2.97,67.34,66.05,69.28,68.4,68.57,1.81,73.22,0.88,1.82,731,707.5,90.05,88.35,244.21,247.61,250.92,76.95,696.75,206.56,87.6,765,225.98,213.19,209.56,89.25,63.61,12.3,19.16,20.69,27.78,12.96,16.11,13.15,14.68,26.33,18.12,26.88,6.91,34.05,39.64,34.29,46.15,17.65,20.29,17.65,17.65,33608,19973,37024,15721,32973,1.29,1.94,98.12,94.97,102.57,104,105.39,85.7,86.76,99.87,94.91,89.54,88.02,403.95,89.9,94.8,93.9
7/18/2025,71.22,67.9,2.2,70.57,72.72,66.39,73.22,70.12,66.82,72.52,59.72,65.03,74.08,53.39,-11.4,1.7,-1.08,0.48,1.92,2.87,2.81,1.86,1.66,1.3,0.77,0.27,2.81,67.54,66.23,69.52,68.52,68.24,1.78,71.87,1,2.33,726.25,706.5,91.6,89.4,239.83,242.83,245.3,77.7,702.5,208.2,89.4,761.25,222.58,215.34,211.45,91.15,63.57,12.3,19.52,20.69,28.15,12.96,16.11,13.15,14.68,27.43,18.12,26.88,7.09,34.05,38.97,33.62,46.15,17.22,20.29,17.22,17.22,34305,19758,37380,17970,32471,1.31,1.98,97.48,94.83,100.73,101.99,103.03,86.41,87.44,99.38,93.48,90.44,88.81,403.69,89.9,94.8,93.9
7/17/2025,70.92,68.17,2.2,70.15,72.42,66.09,72.92,69.82,66.89,72.22,59.42,63.79,73.78,54.52,-11.3,1.56,-0.7,0.55,1.9,2.85,2.78,1.85,1.68,1.33,0.79,0.21,2.78,66.38,65.19,68.52,67.55,67.39,1.57,72.31,0.97,2.76,712.5,695,88.45,86.95,240.64,243.47,246.46,77.3,696,209.16,86.65,752,225.47,217.04,212.91,88,62.24,12.53,18.81,20.41,28.15,12.04,16.11,13.15,14.68,27.43,18.12,26.88,6.91,34.05,38.97,33.62,43.08,17.22,20.29,17.22,17.22,32668,20039,38096,17999,34467,1.19,2.14,95.64,93.29,101.07,102.26,103.51,85.61,87.85,98.17,94.7,91.16,89.42,395.19,89.9,94.8,93.9
7/16/2025,70.06,67.15,2.2,69.39,71.02,64.79,72.06,68.96,65.95,71.36,57.66,64.15,72.92,54.31,-10.5,1.58,-0.35,0.7,1.88,2.92,2.91,1.81,1.58,1.26,0.76,0.34,2.91,66.52,65.37,68.71,67.78,68.41,1.42,73.04,0.93,0.98,691,677.5,88.1,86.75,233.1,236.72,239.15,77.5,692.25,205.78,86.55,736,217.97,214.4,210.14,87.35,62.79,13,19.16,21.09,27.78,12.04,16.11,12.91,14.68,27.43,17.08,26.88,6,34.48,38.97,33.62,45.77,17.22,19.87,17.22,17.22,33626,20317,37039,18575,36670,1.15,2.19,92.75,90.94,97.9,99.42,100.44,85.15,86.43,96.08,91.55,90.05,88.26,398.69,89.9,94.8,93.9
7/15/2025,71.09,67.48,2.2,70.31,72.05,66.27,73.04,69.99,66.24,72.64,58.69,64.41,73.95,54.54,-10.45,1.6,-0.25,0.82,1.88,3.03,2.94,1.82,1.61,1.17,0.74,0.36,2.94,66.98,65.81,69.21,68.23,68.48,1.55,73.16,0.98,1.83,703.75,689.75,89.15,87.75,234.64,237.85,240.52,77,700,208.58,86.45,749.25,219.97,216.96,212.33,86.95,62.55,13,19.52,21.49,27.78,12.04,15.19,12.91,14.29,30.72,17.08,26.88,6,35.34,39.64,30.27,43.08,20.66,18.6,20.66,20.66,35036,17331,37273,23887,36871,1.17,2.23,94.46,92.58,98.55,99.9,101.02,86.1,87.61,97.81,92.39,91.12,89.18,397.19,88.6,95.3,94.7
7/14/2025,71.56,67.81,2.2,70.35,72.97,66.64,73.51,70.46,66.67,73.26,59.16,66.31,74.42,55.04,-10.38,2.14,0.08,0.78,1.97,3.34,3.28,1.87,1.59,1.12,0.62,0.17,3.28,68.45,67.04,70.36,69.16,69.66,2.17,71.93,1.2,0.69,701.75,687.25,91.9,90.7,233.6,236.72,238.98,79.15,703.25,210.29,88.65,748.5,217.73,216.54,212.51,89.8,63.22,11.94,19.34,21.19,26.85,11.85,14.73,12.18,14.68,30.72,17.08,27.5,6,35.34,38.97,29.6,43.85,21.53,16.06,21.53,21.53,34291,14892,35028,23878,31239,1.41,1.91,94.19,92.25,98.11,99.42,100.37,86.5,88.32,97.72,91.45,90.95,89.25,401.45,88.6,95.3,94.7
7/11/2025,72.72,69.39,2.2,71.51,74.88,67.8,74.67,71.62,67.42,74.42,60.32,64.44,75.58,56.47,-10.1,1.86,0.1,0.8,2.08,3.05,2.95,2.1,1.98,1.71,1.21,0.69,2.95,66.57,65.38,68.64,67.56,68.14,1.82,72.76,1.08,3.37,712.25,695.75,88.9,87.85,239.92,240.87,244.74,77.5,703.5,214.2,85.85,742.5,222.62,218.7,214.35,86.9,63.69,11.59,18.99,20.69,26.85,11.67,14.73,12.66,14.68,30.72,17.08,27.5,6,35.77,38.97,30.27,41.54,20.66,16.06,20.66,20.66,33130,15112,35040,22991,29523,1.19,2.07,95.6,93.39,100.76,101.17,102.79,86.53,89.96,96.93,93.5,91.85,90.03,404.44,88.6,95.3,94.7
7/10/2025,70.58,67.46,2.2,69.99,73.63,66.66,72.53,70.58,65.97,72.03,58.18,65.63,73.44,54.85,-10.1,1.83,0.1,0.78,1.75,3.21,3.05,1.74,1.64,1.43,1.01,0.53,3.05,68.38,66.97,70.19,68.97,69.54,1.87,72.08,1.22,0.45,691.75,676.75,89.75,88.8,233.78,234.12,238.35,78.55,705,211.12,86.95,721.25,215.6,215.24,210.96,87.85,65.94,11.59,18.99,20.69,26.11,11.67,14.73,13.15,14.68,30.72,17.08,27.5,6,35.77,36.96,29.6,41.54,18.94,16.06,18.94,18.94,32354,14778,32589,22836,28752,1.41,1.81,92.85,90.84,98.19,98.33,100.11,86.72,88.67,94.16,90.55,90.4,88.6,418.7,88.6,95.3,94.7
7/9/2025,72.6,69.27,2.2,71.33,75.65,68.68,74.7,72.6,68.07,74.05,60.2,66,75.46,56.3,-10.18,1.92,0.02,0.72,1.9,3.22,3.18,1.89,1.79,1.52,1.07,0.58,3.18,68.33,66.98,70.15,68.98,69.13,1.72,71.28,1.17,2.2,774.5,705.5,91.15,90.05,236.42,236.98,240.92,79.6,721.75,211.42,88.25,778.5,216.64,218.79,214.82,89.2,66.33,11.24,18.81,20.49,26.11,11.48,14.73,13.15,15.06,30.72,17.08,26.88,6,36.2,35.63,30.27,41.54,20.66,16.06,20.66,20.66,31619,14722,32445,23198,26768,1.35,1.82,103.96,94.7,99.3,99.53,101.19,88.78,88.79,101.63,90.99,91.89,90.22,421.2,88.6,95.3,94.7
7/8/2025,72.09,69.26,2.2,71.06,75.14,68.17,74.19,72.09,68.08,73.54,59.69,64.66,74.95,56.25,-10.25,1.84,-0.12,0.75,1.73,3.24,3.13,1.76,1.58,1.28,0.91,0.48,3.13,67.93,66.49,69.58,68.43,68.23,1.64,70.11,1.15,2.83,769.5,709.25,88.95,87.85,240.48,239.39,244.13,78.3,710.5,212.88,86.25,778.75,219.13,218.5,214.62,86.8,65.58,11.24,18.81,20.41,25.93,11.48,14.73,13.15,15.45,31.81,17.08,27.5,6,36.2,36.29,31.61,41.54,25.83,16.06,25.83,25.83,31881,15227,32288,24826,27056,1.44,1.65,103.29,95.2,101,100.54,102.53,87.39,89.41,101.66,92.03,91.77,90.14,416.45,85.7,95.2,94.9
7/7/2025,71.21,69.13,2.2,70.23,74.26,67.25,73.31,71.21,67.53,72.66,58.81,63.65,74.07,55.58,-10.42,1.84,0.8,0.78,1.83,3.31,3.09,1.88,1.65,1.31,0.91,0.48,3.09,67,65.62,68.3,67.22,67.41,2.03,70.79,1.08,2.82,750.25,694.75,89.25,88.1,238.24,237.2,242.11,78.3,699.5,210.72,86.25,763.75,217.36,215.22,211.85,87.15,64.17,10.77,18.1,20.09,25.93,11.48,14.27,13.15,16.22,32.36,17.08,27.5,6,36.64,36.29,32.28,41.54,31,16.06,31,31,29823,13966,32589,26214,24909,1.38,1.3,100.7,93.26,100.06,99.62,101.69,86.04,88.5,99.71,91.29,90.39,88.98,407.45,85.7,95.2,94.9
7/4/2025,70.94,68.2,1.2,69.41,73.99,66.32,73.04,70.94,66.78,72.28,58.54,63.68,73.8,54.84,-10.28,1.93,1.05,0.72,2,3.27,3.14,2.34,2.07,1.78,1.36,0.94,3.14,67,65.62,68.8,67.68,67.51,2.03,70.42,1.12,1.9,745,701,88.2,87,238.24,237.2,242.11,78.95,699,210.72,85.4,762.25,217.36,215.22,211.85,86.2,64.32,11.12,18.63,19.58,25.93,11.48,14.73,14.32,16.22,31.81,17.43,26.88,6,37.07,36.96,32.28,40,31,16.06,31,31,31910,15517,32497,25326,27061,1.38,1.8,100,94.09,100.06,99.62,101.69,85.98,88.5,99.51,91.29,90.39,88.98,408.45,85.7,95.2,94.9
7/3/2025,70.83,68.2,1.2,69.41,73.88,66.61,72.93,70.83,66.78,72.28,58.43,63.58,73.69,54.84,-10.32,2.16,1.05,0.72,2.05,3.41,3.29,2.25,2.15,1.89,1.43,0.97,3.29,67.45,66.01,69.11,67.94,66.76,2.03,69.68,1.17,2.65,724.5,693.5,88.75,87.3,233.6,233.13,236.98,79,692.25,204.48,85.65,744.5,213.23,211.86,208.94,86.75,64.32,11.01,17.75,19.58,25.93,11.48,15.19,14.32,16.22,31.81,17.43,26.88,6.18,37.07,37.63,34.29,43.85,31,15.22,31,31,28554,17204,32497,25326,26043,1.44,1.66,97.25,93.09,98.11,97.91,99.53,85.15,85.88,97.19,89.56,88.98,87.75,408.45,85.7,95.2,94.9
7/2/2025,69.58,68.61,1.2,68.53,72.63,65.35,71.68,69.18,67.04,71.03,57.18,62.7,72.44,55.48,-10.05,1.77,0.65,0.65,1.92,3.12,3.05,2.08,1.98,1.78,1.37,0.97,3.05,65.45,64.15,67.11,66.23,66.07,1.76,69.48,0.88,2.46,711.5,684,87.7,86.4,237.8,236.09,241.17,78.35,687,208.42,84.85,733.25,217.42,212.29,209.2,85.7,64.09,11.48,17.75,19.88,26.3,11.48,15.65,13.64,16.22,30.72,18.12,26.88,6.36,37.5,37.63,34.96,44.62,37.02,16.06,37.02,37.02,28909,19000,33688,23865,28832,1.3,1.66,95.5,91.81,99.87,99.16,101.29,84.5,87.53,95.72,91.32,89.16,87.86,406.95,85.7,95.2,94.9
7/1/2025,68.42,66.46,1.2,67.74,71.12,64.04,70.52,68.02,65.33,69.87,56.02,62.34,71.28,53.54,-9.9,1.68,0.12,0.5,1.5,3.04,2.96,1.5,1.49,1.36,1.06,0.7,2.96,65.11,63.85,67.61,66.74,67.19,0.95,69.37,0.87,0.55,696.25,673,86.1,84.9,229.19,229.01,232.69,77.6,675.75,206.53,83.75,719.25,211.19,210.03,206.73,84,63.85,11.48,18.1,19.88,26.67,11.67,15.65,13.64,17.31,30.72,18.12,26.88,6.36,37.5,38.19,36.19,44.62,38.31,16.91,38.31,38.31,30297,19518,34733,23063,29066,1.26,2.5,93.46,90.34,96.26,96.18,97.73,83.12,86.74,93.9,88.7,88.21,86.83,405.45,92.2,94.5,94.7
6/30/2025,67.86,65.96,1.2,68.03,70.56,64.29,69.76,67.46,64.96,69.51,55.66,61.58,70.72,53.54,-9.9,1.93,1.05,0.3,1.37,2.83,2.67,1.38,1.35,1.2,0.93,0.64,2.67,65.52,64.07,67.77,66.8,67.77,1.18,69.33,0.97,0.26,677,661,86.2,85.2,224.76,227.63,234.58,76.9,675,200.71,84.5,701,208,207.98,207.21,84.35,65.98,11.68,18.45,19.88,26.85,11.85,16.57,16.07,17.7,31.81,18.12,26.88,6.54,37.07,38.19,38.86,46.15,37.02,16.91,37.02,37.02,30828,22293,34501,25635,29201,1.45,2.25,90.87,88.72,94.4,95.6,98.52,83.03,84.3,91.51,87.36,87.35,87.03,418.95,92.2,94.5,94.7
6/27/2025,68.9,66.34,1.2,68.12,71.6,65.33,70.8,68.5,65.02,70.55,56.7,61.57,71.76,53.73,-9.9,2.17,1.42,0.38,1.4,2.64,2.38,1.46,1.48,1.36,1.2,0.93,2.38,65.24,63.82,67.73,66.69,68.25,1.2,70.47,1.04,-0.13,675,659.5,87,86.05,220.52,224.09,230.72,77.65,669.75,202.19,85.5,703.25,204.46,208.98,206.94,84.85,65.74,12.85,21.29,24.91,27.78,12.04,16.57,16.07,18.08,32.36,18.12,26.88,6.54,37.07,46.87,42.86,47.69,38.75,17.76,38.75,38.75,40292,22482,36629,27119,35233,1.42,2.49,90.6,88.52,92.62,94.12,96.9,82.38,84.92,91.81,85.88,87.77,86.91,417.46,92.2,94.5,94.7
6/26/2025,69.73,66.08,1.2,69.01,72.43,66.21,71.63,69.33,64.91,71.38,57.53,60.81,72.59,53.45,-9.95,2.4,1.35,0.45,1.35,2.73,2.29,1.6,1.48,1.29,1.11,0.84,2.29,64.92,63.46,67.68,66.43,67.46,1.2,72.17,1.25,1.55,692.75,676.25,85.95,84.95,225.16,228.98,236.01,78.1,686.75,200.77,84.55,726.25,211.36,209.9,207.77,83.55,67.4,12.85,21.29,24.91,28.52,12.22,17.03,14.12,20.39,32.36,18.12,26.88,6.54,37.93,50.87,46.2,52.31,36.16,18.6,36.16,36.16,40091,23989,38096,26664,35082,1.46,2.76,92.99,90.77,94.57,96.17,99.12,84.47,84.32,94.81,88.77,88.16,87.26,427.96,92.2,94.5,94.7
6/25/2025,69.09,66,1.2,67.87,71.79,65.52,70.84,68.69,64.58,70.74,56.64,62.75,71.95,53.09,-9.95,2.34,-0.55,-0.15,1.3,2.85,2.02,1.62,1.45,1.24,1.06,0.81,2.02,64.37,63.15,67.14,66.17,67.18,0.9,79.1,0.97,0.69,683.25,669,86.65,85.7,221.42,225.65,229.64,79.3,686.75,199.48,84.75,719,208.52,208.24,206.6,83.85,66.84,16.35,23.96,27.32,30.74,13.52,16.57,14.12,20.78,32.91,18.12,26.88,6.54,38.36,56.22,54.88,52.31,39.61,19.45,39.61,39.61,48991,22116,43177,27933,53137,1.22,2.77,91.71,89.8,93,94.77,96.45,84.47,83.78,93.86,87.58,87.46,86.77,424.45,92.2,94.5,94.7
6/24/2025,68.96,65.6,1.2,67.81,71.66,65.39,70.71,68.56,64.46,70.66,56.51,63.48,71.82,53.14,-9.65,2.28,0,0.12,1.01,2.75,2.18,1.2,1.05,0.95,0.83,0.63,2.18,68.51,67.27,71.48,70.52,67.14,1.29,79.54,0.96,0.67,668.25,658.25,85.8,85.05,220.96,224.96,228.51,80.8,695.5,198.96,84.15,705.25,208.84,208.57,207.09,82.6,67.87,20.44,26.26,27.72,32.22,15.74,16.57,14.61,20.78,34.01,17.77,26.25,6.54,37.93,60.22,58.89,58.46,33.58,19.45,33.58,33.58,56229,21804,46098,29476,73762,1.24,2.97,89.7,88.36,92.8,94.48,95.97,85.55,83.57,92.07,87.71,87.6,86.98,430.96,87.1,92.8,93.2
6/23/2025,77.53,69.92,1.2,75.92,80.23,72.2,79.28,77.13,68.7,79.23,65.08,70.32,80.39,57.24,-9.65,3.46,0.1,-0.12,1.39,3.78,2.53,1.71,1.51,1.29,1.01,0.71,2.53,74.93,73.84,77.01,75.48,74.56,1.39,79.56,1.53,1.36,743.25,728.5,93.5,92.45,230.37,233.82,236.31,87.45,763.25,211.54,92.3,780,218.32,221.82,219.91,90.5,75,25.7,28.39,27.72,31.3,15,17.03,13.73,20.01,35.65,18.12,26.25,6.54,37.07,58.22,56.88,58.46,28.41,19.87,28.41,28.41,60841,21666,41547,30341,98310,1.09,2.08,99.77,97.79,96.76,98.2,99.25,93.88,88.84,101.83,91.69,93.16,92.36,476.23,87.1,92.8,93.2
6/20/2025,78.25,74.93,1.2,76.01,80.95,73.07,80,77.85,73.13,79.95,65.8,70.84,81.11,61.8,-9.65,3.7,0.92,-0.05,1.71,3.86,3.45,2.66,2.3,1.95,1.58,1.28,3.45,75.14,73.5,78.85,77.08,76.02,1.66,78.45,1.77,-0.01,758.5,739.25,96.4,95,247.24,250.36,254.18,88.15,760.25,223.8,95.25,796.25,233.98,232.95,231.05,93.65,75.51,19.27,25.73,27.72,29.81,14.81,16.57,14.12,18.47,30.72,18.82,26.25,6.54,37.07,57.55,56.88,58.46,24.11,19.45,24.11,24.11,51480,19513,37679,21820,64727,1.64,3.71,101.81,99.23,103.84,105.15,106.76,93.51,94,103.95,98.27,97.84,97.04,479.48,87.1,92.8,93.2
6/19/2025,80.54,75.39,1.2,78.18,83.49,75.71,82.29,80.14,73,78.67,68.09,70.72,83.4,61.33,-9.8,3.45,1.48,0.1,1.61,3.5,3.28,3.17,2.66,2.23,1.84,1.46,3.28,75.14,73.5,76.7,75.14,74.52,1.49,76.55,1.56,3.66,798.5,772.75,96.55,95.05,247.24,250.36,254.18,86.75,771.25,223.8,95.4,851.5,233.98,232.95,231.05,94.05,76.38,17.64,24.49,24.91,27.41,11.85,16.57,14.12,18.47,31.26,18.82,26.25,6.91,36.2,56.22,55.55,53.85,22.39,20.29,22.39,22.39,47207,19224,32378,22473,56166,1.64,1.56,107.18,103.72,103.84,105.15,106.76,94.86,94,111.16,98.27,97.84,97.04,484.99,87.1,92.8,93.2
6/18/2025,76.97,75.39,1.2,74.15,79.92,72.84,78.72,76.27,73,78.67,64.37,69.69,79.83,61.33,-9.9,3.32,1.48,0.1,1.66,3.37,2.77,2.75,2.3,1.9,1.52,1.18,2.77,74.84,73.27,76.45,74.9,73,1.54,73.3,1.55,1.15,734.25,717.75,93.3,92.3,247.69,249.49,253.34,85.75,744.5,222.86,92.15,787.5,233.99,230.86,228.98,90.5,76.65,16.35,23.07,24.91,27.41,11.85,16.57,14.12,17.7,31.26,18.82,26.25,6.91,33.62,58.89,57.55,53.85,22.39,20.29,22.39,22.39,42782,20215,32378,22473,49937,1.57,1.61,98.56,96.34,104.03,104.79,106.4,91.57,93.6,102.81,98.28,96.96,96.17,486.73,87.1,92.8,93.2
6/17/2025,77.35,75.38,1.2,74.52,80.6,73.16,78.8,76.65,72.46,79.05,64.75,67.94,80.21,61.15,-9.9,2.79,1.52,0.38,1.71,2.79,2.38,1.44,0.98,0.57,0.2,-0.17,2.38,71.77,70.25,73.23,71.99,69.98,1.34,75.35,1.24,4.54,731,716,90.65,89.9,244.76,247.11,250.51,84,733.25,219.94,89.35,786.5,229.98,227.19,225.85,88.75,76.61,16.35,23.07,24.91,26.85,11.11,16.11,14.12,16.93,31.81,17.77,25,6.91,33.19,46.87,37.52,46.15,26.69,20.71,26.69,26.69,42930,18951,31269,23808,50126,1.52,1.46,98.12,96.11,102.8,103.79,105.21,90.19,92.37,102.68,96.59,95.42,94.86,486.49,85.1,94.9,94.3
6/16/2025,73.7,72.36,1.2,70.87,76.6,69.51,75.15,73,69.36,75.25,61.1,67.4,76.56,60.54,-9.18,2.97,1.65,0.48,1.53,2.69,2.1,1.28,0.9,0.54,0.22,-0.14,2.1,72.98,71.29,74.23,72.8,72.15,1.68,71.57,1.43,-1.28,685.25,675.5,89.75,89.05,233.86,237.35,239.33,83.15,726.75,214.24,88.4,740.75,219.2,221.99,220.62,88.5,76.34,15.77,22.89,24.91,24.44,11.3,17.49,12.66,14.62,35.1,17.77,25,6.54,32.76,38.86,31.51,42.31,16.79,21.98,16.79,16.79,42581,23840,26072,30639,47390,1.69,1.25,91.98,90.67,98.22,99.69,100.52,89.39,89.98,96.7,92.07,93.24,92.66,484.73,85.1,94.9,94.3
6/13/2025,75.24,73.58,1.2,72.96,78.14,70.93,76.69,74.54,70.02,76.79,62.64,67.61,78.1,61.79,-8.9,2.61,1.9,0.42,1.68,1.85,1.65,1.7,1.4,1.01,0.56,0.19,1.65,68.04,66.64,69.36,68.44,68.56,1.12,68.4,0.92,4.4,684.25,676.75,88.05,87.55,230.57,234.03,235.87,83.25,733,218.64,85.95,734.5,218.37,222.76,221.35,86.35,74.52,12.85,19.16,18.8,22.41,9.81,16.57,11.69,14.24,30.72,17.43,23.75,5.82,32.76,37.52,30.85,41.54,17.22,23.67,17.22,17.22,30627,21226,21892,22225,32806,1.4,1.32,91.85,90.84,96.84,98.29,99.07,90.16,91.83,95.89,91.72,93.56,92.97,473.23,85.1,94.9,94.3
6/12/2025,70.98,68.76,1.2,69.04,73.88,66.8,72.43,70.28,66,72.53,58.38,63.52,73.84,57.22,-8.98,1.83,1.5,0.57,1.26,1.85,1.45,1.28,1.01,0.76,0.58,0.3,1.45,68.15,66.9,69.77,68.92,67.49,1.05,67.01,0.85,1.55,645,640.5,84.35,83.9,213.84,218.04,218.87,79.6,706.75,210.66,82.4,694.75,202.62,214.29,212.71,82.6,70.43,10.28,16.68,18.8,22.04,9.44,14.27,11.69,14.24,30.17,17.77,22.5,5.82,33.62,38.19,31.51,40,17.22,22.83,17.22,17.22,24032,14556,22714,23029,21226,1.25,1.62,86.58,85.97,89.81,91.58,91.93,86.93,88.48,90.7,85.1,90,89.34,447.22,85.1,94.9,94.3
6/11/2025,69.72,69,1.2,67.95,72.62,65.55,71.17,69.02,66.46,70.37,57.12,61.8,72.58,57.64,-8.82,1.6,1.27,0.62,1.27,1.74,1.19,1.26,1.04,0.76,0.52,0.26,1.19,64.98,63.91,66.87,66.13,67.08,1.19,66.66,0.74,0.87,645.25,635.75,82.2,81.75,215.33,219.45,220.53,77.6,691.75,213.8,80.45,684,203.53,216.68,214.96,80.35,68.3,10.51,16.68,19.28,22.04,9.44,13.81,12.66,14.24,30.17,17.43,22.5,5.82,34.05,39.52,32.18,41.54,18.94,23.67,18.94,18.94,24611,13487,23293,22995,23019,1.07,1.89,86.61,85.34,90.44,92.17,92.62,85.09,89.8,89.3,85.48,91.01,90.28,433.71,85.1,94.9,94.3
6/10/2025,69.55,65.81,1.2,67.46,72.45,65.18,71,68.85,64.48,70.2,56.25,61.81,72.41,54.72,-8.82,1.73,1.62,0.7,1.45,1.76,1.37,1.42,1.12,0.82,0.54,0.24,1.37,65.29,64.22,67.04,66.27,66.06,1.21,65.91,0.77,1.4,652.5,636.5,82.4,81.9,209.08,212.71,214.16,78.1,689.25,203.18,80.8,686.25,195.91,208.8,207.28,80.5,69.52,10.51,17.39,19.28,22.22,9.26,15.65,13.64,14.24,35.1,17.43,22.5,5.82,34.05,40.19,33.52,44.62,20.23,23.25,20.23,20.23,26494,19592,23235,31216,22563,1.07,1.75,87.58,85.44,87.82,89.34,89.95,84.78,85.33,89.59,82.28,87.7,87.06,441.46,92.5,95.5,93.4
6/9/2025,68.91,66.07,1.2,66.49,71.81,64.07,69.91,68.21,64.62,69.56,55.61,60.79,71.77,55.01,-8.85,1.69,1.68,0.68,1.6,1.69,1.26,1.61,1.21,0.87,0.54,0.22,1.26,64.58,63.63,66.47,65.73,65.33,1.21,65.13,0.74,1.16,644.5,629.25,82,81.5,209.84,212.89,214.64,76.8,682.25,203.14,80.6,680.5,197.09,209.52,207.71,80,68.46,10.51,17.39,19.08,22.96,9.44,15.65,14.12,14.24,37.3,17.43,22.5,6.36,34.48,41.53,34.18,44.62,19.8,23.67,19.8,19.8,26870,19919,25285,35364,22930,0.95,1.89,86.51,84.46,88.13,89.41,90.15,83.92,85.32,88.84,82.78,88,87.24,434.71,92.5,95.5,93.4
6/6/2025,68.22,65.46,1.2,65.59,71.03,63.37,68.72,66.87,64.08,68.77,54.92,59.64,71.08,54.29,-9,1.62,1.62,0.72,1.5,1.52,0.98,1.8,1.48,1.08,0.79,0.55,0.98,63.37,62.48,65.34,64.75,64.53,1.03,64.66,0.59,1.06,631.75,622.25,80.65,80.2,207.93,211.12,212.53,75.55,679.25,200.8,79.1,668.25,196.28,207.68,205.85,78.6,67.79,10.4,17.21,19.28,22.96,9.44,16.11,15.1,14.24,37.3,18.12,22.5,6.54,34.91,42.86,34.85,44.62,18.08,23.67,18.08,18.08,26567,21606,25571,35065,22618,0.89,1.97,84.8,83.52,87.33,88.67,89.26,83.55,84.34,87.24,82.44,87.23,86.46,430.46,92.5,95.5,93.4
6/5/2025,67.36,64.32,1.2,64.81,70.11,61.94,67.86,66.01,63.1,67.91,54.06,59.37,70.22,53.08,-9.1,1.7,1.38,0.8,1.24,1.44,0.79,1.51,1.17,0.78,0.58,0.4,0.79,62.85,61.89,64.86,64.22,63.4,1.21,65.05,0.64,1.41,626.5,618.25,80.1,79.7,204.78,208.48,209.45,75.3,678.5,200.54,78.3,665.25,193.08,206.29,204.16,77.95,68.69,10.4,17.21,19.28,22.96,9.44,16.57,15.1,14.24,39.49,18.47,23.75,6.54,35.77,44.2,35.52,43.08,18.94,23.67,18.94,18.94,26165,23131,25167,38954,22246,0.96,2.01,84.09,82.99,86.01,87.56,87.97,83.46,84.23,86.85,81.09,86.64,85.75,436.21,92.5,95.5,93.4
6/4/2025,65.89,63.8,1.2,64,68.14,60.47,66.39,64.54,62.57,66.34,52.59,59.9,68.75,52.39,-9.2,1.88,1.27,0.8,1.43,1.53,0.8,1.71,1.31,0.92,0.67,0.44,0.8,63.41,62.48,65.63,64.94,64.67,1.39,64.7,0.69,-0.67,617.75,609,80.95,80.55,202.11,206.29,207.01,76.1,673.25,197.78,79.2,655.25,190.26,203.4,201.54,78.8,68.3,10.4,17.21,19.28,23.7,11.48,16.57,15.1,14.24,40.59,18.47,23.75,6.54,35.77,44.2,36.19,43.08,17.22,20.29,17.22,17.22,26201,23208,26876,41442,22269,0.93,2.22,82.92,81.74,84.89,86.64,86.94,82.81,83.07,85.54,79.91,85.43,84.65,433.71,92.5,95.5,93.4
6/3/2025,67.32,64.39,1.4,65.22,69.54,61.97,67.82,65.97,63.29,67.77,54.22,59.22,70.18,53.29,-8.9,1.82,1.5,0.8,1.68,1.88,1.12,1.9,1.55,1.16,0.8,0.51,1.12,62.52,61.54,64.63,63.87,63.44,1.47,62.99,0.76,1.78,626.25,618,79.9,79.55,205.36,208.91,209.99,75.6,676.5,203.38,78.35,663.5,195.99,207.88,205.45,77.85,66.72,10.86,17.39,19.08,25.93,11.67,15.65,15.58,13.85,40.59,18.12,23.75,6.54,36.64,42.86,36.19,43.85,17.22,21.14,17.22,17.22,27172,19850,32277,40844,25049,0.98,2.11,84.06,82.95,86.25,87.74,88.2,83.21,85.42,86.62,82.32,87.31,86.29,423.7,88.7,92.6,90.2
6/2/2025,66.25,63.57,1.4,64.04,68.35,60.97,66.7,64.9,62.22,66.6,53.15,56.55,69.11,52.38,-8.85,1.88,1.45,0.72,1.69,2.02,1.3,1.87,1.55,1.18,0.83,0.57,1.3,60.79,59.79,63.9,62.78,61.4,0.72,62.99,1.12,2.64,613.75,606,79.7,79.35,199.9,203.84,204.45,75.6,678,200.62,78.25,651,190.08,205.25,202.78,77.7,65.42,11.33,18.1,19.68,26.67,12.96,15.19,16.56,13.85,34.56,16.38,23.75,6.36,36.64,41.53,36.19,43.85,18.08,22.83,18.08,18.08,29684,18283,34104,31062,27617,1,3.11,82.38,81.34,83.96,85.61,85.87,83.39,84.26,84.99,79.83,86.2,85.17,415.45,88.7,92.6,90.2
5/30/2025,63.71,61.98,1.4,62.26,65.51,58.46,64.16,62.36,60.4,64.06,50.61,55.46,66.57,50.62,-8.88,2.22,1.32,0.82,1.27,1.32,1.68,1.55,1.44,1.11,0.81,0.59,1.32,60.94,60.2,64.15,63.35,62.54,0.96,63.25,0.8,-0.28,599,590.75,78.55,78.25,195.92,200.54,201.72,74.65,662.5,195.64,77.45,636.5,186.04,203.84,201.51,76.45,66.21,12.03,18.81,20.49,27.04,13.15,14.73,13.64,13.85,32.36,16.03,23.75,6.36,36.64,42.2,36.19,43.85,20.66,23.67,20.66,20.66,32281,16855,35182,28117,31455,0.74,3.21,80.4,79.3,82.28,84.23,84.72,81.49,82.17,83.09,78.14,85.61,84.63,420.45,88.7,92.6,90.2
5/29/2025,64.57,62.07,1.4,63.52,66.22,59.33,65.02,63.22,61.07,64.92,51.47,57.35,67.43,50.4,-9.55,1.95,1.1,0.78,1.17,1.44,1.62,1.49,1.33,0.99,0.72,0.53,1.44,61.84,61.2,64.9,64.32,63.49,0.74,63.75,0.58,0.03,608.25,599.25,80.4,80.1,199.28,203.43,204.82,75.85,668,199.22,79.45,648.5,187.88,205.94,203.72,78.3,68.62,12.15,19.16,20.49,27.04,13.15,14.73,12.66,14.24,26.33,16.38,23.75,6.54,35.77,42.2,36.85,43.85,20.66,25.79,20.66,20.66,32587,16269,34306,17761,31197,0.64,3.06,81.64,80.44,83.7,85.44,86.02,82.16,83.67,84.66,78.91,86.49,85.56,435.71,88.7,92.6,90.2
5/28/2025,65.28,63.06,1.4,64.47,66.88,59.77,65.73,63.28,62.08,65.63,52.13,55.82,68.14,51.37,-9.6,1.87,0.8,0.82,0.9,1.4,1.49,1.15,1,0.74,0.5,0.37,1.4,60.89,60.33,64.09,63.57,62.01,0.8,63.18,0.52,2.46,617.25,608.5,78.7,78.5,202.64,207.07,208.81,75.4,668.75,201.94,77.8,662,192.7,208.92,206.32,76.45,67.67,12.38,20.05,21.89,28.31,13.7,14.73,11.69,14.24,25.23,17.08,25,6.54,32.33,42.86,38.19,44.62,20.66,26.21,20.66,20.66,35945,16675,37600,15760,32859,0.56,3.2,82.85,81.68,85.11,86.97,87.7,82.26,84.82,86.42,80.93,87.75,86.65,429.71,88.7,92.6,90.2
5/27/2025,63.91,62.26,1.4,62.8,65.51,58.22,64.11,61.91,61.38,64.11,50.76,56.41,66.77,50.52,-9.6,2.11,0.45,0.85,0.86,1.33,1.28,1.09,0.93,0.72,0.5,0.33,1.28,61.53,60.93,64.74,64.12,63.43,0.81,62.51,0.62,-0.63,606,598,78.85,78.75,200.95,205.3,207.94,75.55,668.25,200.92,77.85,652.5,193.3,207.15,204.8,76.4,65.98,13.43,21.12,22.9,28.31,13.7,14.73,12.18,14.24,26.33,17.77,23.75,6.54,31.89,44.87,39.52,47.69,20.23,27.06,20.23,20.23,39688,16771,37811,17684,38428,0.6,3.21,81.34,80.27,84.4,86.23,87.33,82.2,84.39,85.18,81.19,87,86.02,418.95,90,92.4,90.7
5/26/2025,65.34,62.98,1.4,64.22,67.44,59.47,65.54,63.34,62.02,65.54,52.19,56.51,68.2,50.96,-9.75,2.26,0.15,0.8,0.86,1.07,0.91,1.03,1.09,0.94,0.71,0.48,0.91,61.53,60.93,64.78,64.21,63.43,0.81,62.58,0.57,0.79,606,598,79,78.95,200.95,205.3,207.94,75.8,668.25,200.92,78.2,652.5,193.3,207.15,204.8,76.5,67.43,14.13,21.65,23.7,28.31,13.7,14.27,12.18,14.24,26.33,18.12,23.75,6.54,31.03,45.53,40.19,49.23,16.36,24.94,16.36,16.36,40902,14971,37253,17571,41519,0.6,3.25,81.34,80.27,84.4,86.23,87.33,82.2,84.39,85.18,81.19,87,86.02,428.21,90,92.4,90.7
5/23/2025,65.34,62.98,1.4,64.22,67.44,59.47,65.54,63.34,62.02,65.54,52.19,55.74,68.2,50.96,-9.75,1.87,0.15,0.8,0.86,1.17,1.11,1.03,1.09,0.94,0.71,0.48,1.11,61.2,60.64,64.44,63.92,62.82,0.63,63.81,0.52,1.4,612,605.5,78.15,78.15,203.85,207.75,210.48,75.35,671.5,205.18,77.45,661.5,195.75,210.92,207.55,75.6,67.32,14.13,21.65,23.7,28.31,13.7,14.27,12.18,14.24,26.33,18.12,23.75,6.54,31.03,45.53,40.19,49.23,16.36,24.94,16.36,16.36,40902,14971,37253,17571,41519,0.56,3.24,82.15,81.28,85.62,87.26,88.4,82.6,86.17,86.36,82.22,88.59,87.17,427.46,90,92.4,90.7
5/22/2025,64.57,62.57,1.4,63.58,66.12,58.03,64.77,62.57,61.78,64.52,51.42,56.29,67.43,50.57,-9.85,1.73,-0.15,0.72,0.45,1.14,1.1,0.85,0.9,0.8,0.58,0.4,1.1,61.57,61.03,64.91,64.38,63.88,0.66,64.68,0.53,-0.3,607.75,601.5,78.65,78.55,204.16,208.26,211.75,75.2,673,205.74,77.65,658,196.26,213.12,209.24,76.1,67.59,14.25,22.18,23.7,29.44,14.07,14.73,13.64,14.62,26.33,18.12,23.75,6.54,32.33,45.53,41.53,49.23,15.93,26.21,15.93,15.93,42780,16631,39915,17574,42229,0.54,3.34,81.58,80.74,85.75,87.47,88.94,82.78,86.41,85.9,82.43,89.51,87.88,429.21,90,92.4,90.7
5/21/2025,64.99,63.06,1.4,64.64,66.04,58.85,65.19,62.99,62.24,64.94,51.24,58.34,67.85,50.92,-9.9,1.7,-0.15,0.72,0.49,1.55,1.5,0.86,0.9,0.79,0.59,0.4,1.5,62.56,62.03,65.38,64.76,63.84,0.7,63.92,0.62,0.8,611.25,606.5,80.5,80.35,206.82,210.44,213.91,75.75,680.25,207.88,79.15,662,196.94,214.98,210.51,78,69.84,14.37,22.36,24.5,29.44,14.07,14.73,13.15,14.62,28.52,17.77,23.75,6.54,32.33,44.2,40.86,49.23,12.92,23.67,12.92,12.92,42338,16249,38880,21197,41820,0.53,2.82,82.05,81.41,86.86,88.38,89.84,83.67,87.31,86.42,82.71,90.29,88.41,443.46,90,92.4,90.7
5/20/2025,65.48,63.38,1.4,64.52,66.23,59.86,65.68,63.48,62.61,65.43,51.73,57.58,68.34,51.47,-9.75,1.74,0.65,0.8,0.68,1.23,1.25,1.17,1.09,0.91,0.65,0.47,1.23,62.69,62.14,65.54,64.8,64.1,0.98,63.92,0.74,0.42,611.25,605.5,79.85,79.6,206.46,209.41,212.89,74.65,672.75,207,78.75,662.5,196.16,215.21,210.48,77.45,68.66,14.48,22.54,24.7,30,14.63,15.65,13.64,15.01,29.62,16.73,23.75,6.91,31.89,43.53,40.19,49.23,11.62,20.29,11.62,11.62,43330,19695,40541,22843,42795,0.55,2.85,82.05,81.28,86.72,87.95,89.41,82.75,86.94,86.49,82.39,90.39,88.4,435.96,86.4,93.3,90.2
5/19/2025,65.99,63.52,1.4,64.9,66.74,60.52,66.19,63.99,62.59,65.94,52.24,56.91,68.85,51.58,-9.6,1.71,0.9,0.78,0.8,1.06,1.05,1.42,1.32,1.08,0.76,0.55,1.05,62.49,61.97,65.41,64.78,63.74,0.68,64.33,0.63,1.16,617.25,610.25,79.85,79.55,206.44,209.13,212.77,74.95,665.25,206.88,78.65,668.75,198.22,213.88,209.41,77.45,68.06,14.95,22.54,24.7,30,14.63,16.11,14.61,15.01,29.62,16.03,23.75,7.09,31.46,43.53,38.86,49.23,11.62,19.87,11.62,11.62,43676,21467,40889,22555,45514,0.52,2.92,82.85,81.91,86.71,87.83,89.36,81.83,86.89,87.3,83.25,89.83,87.95,432.21,86.4,93.3,90.2
5/16/2025,65.24,63.36,1.4,64.57,65.64,59.83,65.44,63.24,62.64,64.94,51.49,56.31,68.1,51.58,-9.6,1.62,1.2,0.8,0.4,1.09,1.14,0.2,0.38,0.35,0.24,0.06,1.09,61.62,61.15,64.53,64.06,62.8,0.5,66.49,0.47,1.77,619,612.25,79.8,79.45,207.68,210.24,214.06,75.2,674.5,206.43,78.8,670.25,200.44,214.18,210.23,77.55,68.34,15.07,22.54,24.7,30.37,14.63,16.11,14.61,15.01,30.72,16.03,23.75,7.09,31.46,42.86,37.52,46.15,12.05,20.29,12.05,12.05,43672,21301,41720,24987,46126,0.47,2.91,83.09,82.18,87.23,88.3,89.91,82.96,86.7,87.5,84.18,89.96,88.3,433.96,86.4,93.3,90.2
5/15/2025,63.96,62.48,1.4,63.46,64.11,58.37,64.16,61.96,62.02,63.66,50.21,56.07,66.82,51.78,-9.18,1.56,1.25,0.8,0.11,1.08,1.17,0,0.18,0.22,0.11,0,1.08,63.15,62.68,66.09,65.58,65.07,0.51,67.75,0.51,-1.61,623.25,615.25,80.55,80,211,211.07,216.6,75.05,663,206.19,79.25,674.25,202.22,213.44,209.44,78,67.2,15.42,23.07,23.7,30.37,14.63,16.57,14.61,15.01,31.81,16.38,23.75,7.09,29.74,40.19,33.52,46.15,12.05,19.45,12.05,12.05,45882,23005,42165,26830,48351,0.47,2.94,83.66,82.58,88.62,88.65,90.97,81.55,86.6,88.02,84.93,89.64,87.96,426.71,86.4,93.3,90.2
5/14/2025,65.86,64.03,1.4,65.84,65.51,60.39,66.06,63.86,63.44,65.56,52.06,58.6,68.72,53.27,-9.2,1.36,1.45,0.88,0.14,1.2,1.17,0.1,0.28,0.29,0.14,0.03,1.17,63.67,63.25,66.63,66.13,65.72,0.47,67.06,0.5,0.12,629.5,623.25,82.1,81.45,215.38,215.31,220.61,77.3,681.75,208.88,80.85,680.5,202.86,217,213.09,79.6,68.5,14.72,22.18,23.7,30.37,14.63,15.65,14.61,16.16,32.91,17.08,23.75,7.09,29.74,38.86,32.18,43.85,13.78,19.45,13.78,13.78,41638,19538,40862,28405,43490,0.42,2.96,84.5,83.66,90.46,90.43,92.66,83.86,87.73,88.84,85.2,91.14,89.5,434.96,86.4,93.3,90.2
5/13/2025,66.04,64.56,1.4,66.49,65.69,60.57,66.34,64.04,64.1,65.74,52.24,57.64,68.9,53.95,-9.1,0.92,1.32,0.8,0.1,1.36,1.4,0.07,0.26,0.3,0.18,0.06,1.36,61.95,61.56,64.96,64.55,63.36,0.42,65.83,0.41,3.13,625,620.5,80.35,79.75,212.63,213.15,217.13,76.05,676,210.16,79.3,669.5,203,216.6,213.22,78.05,67.59,14.02,22.36,24.5,30.37,14.63,15.65,15.1,16.16,32.36,18.12,23.75,7.09,29.31,38.19,30.85,43.08,15.5,19.45,15.5,15.5,43084,19540,41723,27196,40703,0.39,3.01,83.89,83.29,89.3,89.52,91.19,83.15,88.27,87.4,85.26,90.97,89.55,429.21,88.5,92.5,89
5/12/2025,65.13,62.85,1.4,64.21,64.78,59.47,65.43,63.13,62.6,65.13,51.33,56.2,67.99,52.26,-9.12,0.72,1.23,0.85,0.2,1.44,1.54,0.15,0.3,0.28,0.13,0.04,1.44,61.02,60.58,63.91,63.43,63.36,0.64,64.98,0.48,0.85,613.75,609.75,80.35,79.75,206.74,207.79,211.11,76.05,685.75,208.18,79.3,657.25,198.48,213.31,210.02,78.05,67.59,13.78,21.65,23.7,31.48,14.63,15.65,15.1,16.16,32.91,19.17,23.75,7.09,28.45,35.52,29.51,41.54,16.79,21.14,16.79,16.79,41088,19706,44592,28786,39878,0.44,2.89,82.38,81.85,86.83,87.27,88.67,84.35,87.44,85.8,83.36,89.59,88.21,429.21,88.5,92.5,89
5/9/2025,63.63,61.86,1.4,64.21,63.28,58.08,63.93,61.63,61.44,63.63,49.83,56.2,66.49,51.28,-9.1,0.72,1.2,0.8,0.3,1.44,1.54,0.15,0.3,0.39,0.33,0.14,1.44,59.91,59.52,62.84,62.45,62.43,0.51,64.07,0.39,1.78,601.75,601.25,78.3,77.75,202.76,203.72,206.64,75.1,669.75,206.4,77.55,641.25,195.14,210.84,207.73,76.4,64.87,13.78,21.65,23.7,32.22,16.3,16.11,15.58,16.16,32.91,20.21,29.38,7.27,28.45,35.52,29.51,41.54,17.22,21.14,17.22,17.22,41088,21746,46265,29099,39878,0.39,2.93,80.77,80.7,85.16,85.56,86.79,82.38,86.69,83.71,81.96,88.55,87.25,411.95,88.5,92.5,89
5/8/2025,62.19,60.88,1.4,63.22,61.84,56.48,62.49,60.19,60.22,62.19,48.39,54.51,65.05,50.34,-9,0.7,1.27,0.75,-0.02,1.32,1.4,-0.19,0,0.18,0.19,0.03,1.32,58.07,57.7,61.12,60.79,60.99,0.63,64.73,0.33,2.23,595.25,593,76.5,75.95,199.58,201.52,204,73.4,661.25,204.04,76.1,634.25,193,208.54,205.48,74.65,63.5,13.78,22.89,23.7,32.22,16.3,16.57,17.05,16.16,32.91,20.91,29.38,7.45,28.45,34.85,29.51,41.54,17.65,21.14,17.65,17.65,46289,24011,47342,29505,40962,0.37,3.05,79.9,79.6,83.82,84.64,85.68,81.33,85.7,82.8,81.06,87.59,86.3,403.19,88.5,92.5,89
5/7/2025,61.04,59.12,1.4,61.77,60.89,55.21,61.34,59.04,58.62,61.04,47.24,55.65,63.9,48.69,-8.85,0.88,1.32,0.85,0.02,1.39,1.48,-0.2,0,0.2,0.22,0.08,1.39,59.09,58.68,62.15,61.75,62,0.64,63.58,0.4,-0.23,583.25,581,78.1,77.5,192.98,196.1,197.66,74.8,654.5,198.03,77.8,626.5,186.78,202.78,200.17,76.35,63.65,13.9,22.54,24.7,32.59,16.3,16.57,17.05,16.16,32.91,21.61,29.38,7.45,28.45,35.52,32.18,40,16.36,21.98,16.36,16.36,44617,23845,47686,29904,41040,0.41,3.06,78.29,77.99,81.05,82.36,83.02,80.5,83.17,81.79,78.45,85.17,84.07,404.2,88.5,92.5,89
5/6/2025,62.8,60.12,1.4,62.6,62.3,56.72,63.1,61,60.15,62.8,48.6,52.64,65.66,49.52,-9,0.92,1.45,0.82,0.45,1.15,1.22,0.29,0.37,0.45,0.33,0.14,1.15,57.13,56.75,60.23,59.89,60.64,0.81,66.38,0.34,1.96,597,593.75,77.2,76.5,196.38,199.46,200.88,73.45,657,202.45,77,642.75,188.5,206.45,203.72,75.4,62.39,15.42,23.6,25.11,32.78,16.48,17.03,17.05,16.16,32.91,22.65,29.38,7.63,28.45,36.19,32.18,40,16.36,21.98,16.36,16.36,48674,25524,48627,29585,49373,0.38,3.1,80.13,79.7,82.48,83.77,84.37,80.81,85.03,83.91,79.17,86.71,85.56,396.19,80.8,94,88.6
5/5/2025,61.47,58.34,1.4,61.24,60.62,55.35,61.77,59.57,58.29,61.87,47.27,50.66,64.33,47.38,-9.22,1.26,1.4,0.95,0.48,0.78,0.84,0.35,0.45,0.46,0.43,0.33,0.78,58.29,57.83,61.29,60.93,60.64,0.81,66.38,0.36,0.6,597,593.75,75.9,75.1,193.78,195.98,197.45,71.6,657,197.53,75.45,642.75,184.45,202.28,199.49,74.15,60.94,15.42,23.78,25.71,32.78,16.48,19.79,17.05,16.54,32.91,23.7,29.38,8.18,28.45,36.19,32.85,40,18.08,22.83,18.08,18.08,49280,34687,49720,30240,49376,0.46,3,80.13,79.7,81.39,82.31,82.93,80.81,82.96,83.91,77.47,84.96,83.79,386.94,80.8,94,88.6
5/2/2025,61.47,59.48,1.2,61.24,60.62,55.35,61.77,59.57,59.33,61.87,47.27,53.09,64.33,48.56,-9.12,1.05,1.42,0.88,0.48,0.95,1.01,0.35,0.45,0.46,0.43,0.33,0.95,59.24,58.68,62.13,61.72,62.67,0.77,66.38,0.41,-1.43,585.75,581.75,77.7,76.9,195.82,197.83,199.32,73.75,640.5,194.62,77.25,636.25,187.07,201.99,199.53,76,62.79,15.42,23.78,25.71,32.78,16.48,19.79,18.99,16.54,32.91,23.7,29.38,8.18,28.45,36.19,32.18,40,18.08,22.83,18.08,18.08,49280,34687,48644,30436,49376,0.56,2.89,78.62,78.09,82.24,83.09,83.71,78.78,81.74,83.06,78.57,84.84,83.8,398.69,80.8,94,88.6
5/1/2025,61.6,60.42,1.2,62.56,60.75,55.45,61.9,59.7,60.12,62,47.4,53.52,64.46,49.18,-9.32,1.24,1.42,0.88,0.32,0.57,0.78,0.1,0.25,0.3,0.3,0.15,0.57,58.21,57.62,63.12,61.06,62.67,0.6,66.38,2.06,-0.11,590,585.25,77.7,76.9,197.55,199.76,201.2,73.75,644,197.54,77.25,640.75,190.45,204.92,202.16,76,62.79,15.88,23.78,25.71,33.7,16.48,19.79,18.99,16.93,37.85,23.7,30,8.36,28.45,36.85,32.18,40.77,19.8,24.52,19.8,19.8,48524,35001,49977,38542,51041,0.59,4.91,79.19,78.56,82.97,83.9,84.5,79.21,82.97,83.65,79.99,86.07,84.91,398.69,80.8,94,88.6
4/30/2025,63.07,59.6,1.2,62.56,61.97,56.92,63.37,61.17,59.07,63.47,48.87,53.52,65.93,47.79,-9.65,1.24,1.2,1.02,0.41,0.57,0.78,0.25,0.35,0.36,0.36,0.22,0.57,60.42,59.84,64.25,63.28,64.02,0.49,67.86,0.97,-1.46,604.5,598.5,78.4,77.65,196.73,200.18,203.67,73.35,646,194.4,78.5,658.5,190.43,203.7,201.77,76.7,64.52,15.88,23.78,25.51,32.41,15.74,20.71,18.99,16.93,38.4,23.7,30,8.72,28.45,36.85,32.18,42.31,19.8,25.37,19.8,19.8,48524,37687,47049,38708,51041,0.58,3.83,81.14,80.34,82.63,84.08,85.54,79.46,81.65,85.97,79.98,85.55,84.74,409.7,80.8,94,88.6
4/29/2025,64.2,61.88,1.2,65.42,62.88,57.99,64.5,63.2,61.31,65.08,50.1,56.45,67.06,50.01,-9.65,1.17,1.3,1.1,0.61,0.96,0.89,0.57,0.54,0.47,0.4,0.25,0.89,62.05,61.37,65.86,64.79,65.14,0.68,68.24,1.07,0.28,615,608,80.6,79.85,203.3,206.17,212.04,75.35,663,198.08,80.6,667.75,197.17,207.12,205.7,78.8,65.66,16.7,24.84,27.32,32.41,15.74,21.63,18.99,16.93,38.4,23.7,30,8.91,29.31,38.19,33.52,42.31,17.22,25.37,17.22,17.22,51697,40742,46688,37570,54868,0.68,3.81,82.55,81.61,85.38,86.59,89.06,81.55,83.19,87.17,82.81,86.99,86.39,416.95,68,94,88.1
4/28/2025,65.64,63.58,1.2,65.99,64.19,58.96,65.94,64.64,62.71,66.52,51.54,58.27,68.5,51.56,-9.6,1.17,1.65,1.18,0.98,1.32,1.18,1.01,0.97,0.79,0.66,0.49,1.18,63.02,62.33,66.87,65.8,66.73,0.69,68.65,1.07,-0.74,622.75,615.25,81.8,81,206.71,209.86,217.55,76.45,678.5,202.13,81.75,674.25,202.61,210.58,209.38,80,66.65,17.05,24.84,27.32,31.48,15.74,21.63,18.99,16.54,38.4,24.4,30,9.09,29.74,39.52,33.52,43.08,17.22,26.21,17.22,17.22,51554,40140,44454,36920,56525,0.69,3.85,83.59,82.58,86.82,88.14,91.37,83.46,84.89,88.02,85.1,88.44,87.94,423.2,68,94,88.1
4/25/2025,67.18,64.6,1.2,67.43,65.93,60.29,67.48,66.18,63.64,68.06,53.08,58.9,70.04,52.55,-9.55,0.78,1.98,0.6,0.99,1.47,1.35,1.3,1.04,0.98,0.81,0.67,1.35,62.79,62.14,66.55,65.65,66.25,0.76,67.89,0.9,1.18,628.5,621,81.8,81,208.3,211.23,216.73,76.6,678.75,204.1,81.85,681.25,203.73,211.89,210.72,80.05,67.16,17.05,24.84,27.32,31.48,15.74,22.09,18.99,16.54,37.85,24.4,29.38,9.09,29.74,40.19,33.52,43.08,16.79,24.52,16.79,16.79,51471,41651,44369,36250,56461,0.65,3.76,84.36,83.36,87.49,88.72,91.03,83.49,85.72,88.94,85.57,88.99,88.5,426.46,68,94,88.1
4/24/2025,67,64.65,1.2,66.9,65.8,60.41,67.4,66,63.5,67.88,52.9,58.94,69.86,52.37,-9.55,0.73,1.25,1.02,0.99,1.6,1.74,1.44,1.04,0.95,0.79,0.64,1.6,62.27,61.63,66.12,65.18,66.11,0.84,69.1,0.94,0.79,622,615,81.1,80.4,206.88,209.8,214.37,76.2,671,202.5,81.2,674.25,202.42,210.57,209.63,79.3,66.76,16.82,24.13,25.71,30.37,15.74,21.63,20.06,16.16,38.4,24.4,29.38,8.72,29.74,40.19,33.52,43.08,17.22,24.94,17.22,17.22,49218,40281,41965,37206,55358,0.64,3.85,83.49,82.55,86.89,88.12,90.04,82.53,85.05,88.02,85.02,88.44,88.04,423.96,68,94,88.1
4/23/2025,67.05,64.23,1.2,66.89,65.85,60.57,67.45,66.05,62.97,67.7,52.95,60.99,69.91,51.85,-9.55,0.65,1.25,1.2,1.1,1.67,1.74,1.7,1.16,1.03,0.87,0.7,1.67,64.31,63.67,67.44,66.48,68.06,1.06,68.54,0.96,-1.17,617.75,611,82.8,82.15,204.72,208.09,212.69,77.55,668,201.3,82.6,666.5,196.96,208.39,207.43,81.35,68.85,16.12,24.13,25.31,29.63,15.37,20.71,19.77,16.16,39.49,25.79,29.38,8.54,30.17,36.19,31.51,40,17.22,24.52,17.22,17.22,48318,36552,39390,40165,50868,0.64,3.13,82.92,82.01,85.98,87.4,89.33,82.16,84.55,87.01,82.73,87.52,87.12,437.21,57.7,92.3,86.3
4/22/2025,69.16,65.53,1.2,68.91,67.95,62.56,69.56,68.16,64.19,69.91,55.06,59.86,72.02,53.14,-9.55,0.48,1.35,1.2,1.24,1.79,1.86,1.94,1.39,1.2,1.04,0.85,1.79,63.08,62.41,66.26,65.3,67.5,1.06,68.45,0.96,1.41,630.25,623,81.4,80.75,207.04,210.34,214.86,75.9,677.25,202.33,81,681,200.09,209.96,209.08,80.1,66.76,15.07,22.71,24.91,29.63,15.37,20.71,19.77,16.16,41.69,26.49,29.38,8.54,30.17,34.18,30.85,40,17.65,24.94,17.65,17.65,44336,37192,40123,43409,46196,0.67,3.18,84.6,83.62,86.96,88.34,90.24,83.3,84.98,88.9,84.04,88.18,87.81,423.96,57.7,92.3,86.3
4/21/2025,68.56,64.4,1.2,68.45,67.31,62.41,68.96,67.56,63.03,69.31,54.46,59.73,71.42,51.89,-9.55,0.37,1.1,1.27,1.55,1.82,1.96,1.61,1.01,0.54,0.41,0.2,1.82,64.68,64.01,67.96,67,67.5,1.06,68.48,0.96,0.95,630.25,623,81.2,80.55,204.22,206.86,210.89,75.6,677.25,198.66,80.7,681,197.98,206.53,205.56,79.85,65.82,15.07,22.36,23.7,30,15,20.25,19.48,16.16,41.69,25.79,29.38,8.36,30.6,34.85,30.85,41.54,18.08,24.52,18.08,18.08,43091,35604,41471,43745,46122,0.67,3.28,84.6,83.62,85.77,86.88,88.57,83.3,83.44,88.9,83.15,86.74,86.34,417.95,57.7,92.3,86.3
4/17/2025,68.56,66,1.2,68.45,67.31,62.41,68.96,67.56,64.73,69.31,54.46,59.46,71.42,53.56,-9.55,0.26,0.95,1.27,1.55,1.94,1.95,1.61,1.01,0.54,0.41,0.2,1.94,64.68,64.01,67.96,67,67.5,1.06,66.85,0.96,0.95,626.25,618.75,81.2,80.5,208.48,211.23,215.23,74.95,661.25,202.13,80.75,676.5,205.48,209.88,209.05,79.95,66.17,15.07,22.36,24.5,28.52,15,20.25,19.48,16.16,42.23,25.79,29.38,8.36,31.03,34.85,31.51,41.54,20.66,24.52,20.66,20.66,43091,35604,37548,44302,46122,0.67,3.28,84.06,83.05,87.56,88.72,90.4,81.33,84.89,88.32,86.3,88.15,87.8,420.2,57.7,92.3,86.3
4/16/2025,67.7,63.76,1.2,67.49,66.42,61.56,68.1,66.7,62.82,68.45,52.6,57.82,70.56,51.48,-9.55,0.29,0.95,1.25,1.4,1.76,1.88,1.41,0.78,0.42,0.24,0.03,1.76,62.47,61.83,65.85,64.96,66.52,1.03,65.68,0.89,0.97,620,613,80.1,79.4,204.66,206.97,211.54,73.75,650.75,196.46,79.75,672.5,200.92,204.34,203.63,78.8,65.78,12.73,20.76,22.29,30.19,15,20.25,19.48,16.16,42.23,25.79,29.38,8.36,31.89,36.19,32.85,41.54,20.66,24.52,20.66,20.66,38275,35813,41801,44912,34582,0.64,3.38,83.22,82.28,85.96,86.93,88.85,80.04,82.52,87.79,84.38,85.82,85.52,417.7,57.7,92.3,86.3
4/15/2025,66.44,62.83,1.2,65.89,65.14,60.3,66.84,65.44,61.81,67.19,51.34,57.74,69.3,51.22,-9.3,0.11,1.38,1.3,1.63,1.64,1.71,1.69,1.01,0.61,0.31,0.06,1.64,61.33,60.75,64.67,63.88,65.09,0.94,65.79,0.79,0.8,608,601.75,80.7,80.15,201.84,203.86,207.84,73.15,652.75,194.44,79.8,659.75,197.84,202.44,201.66,78.75,65.94,12.5,20.41,22.29,30.19,15,19.79,20.45,16.16,42.23,26.49,29.38,8.36,32.33,36.19,34.18,40.77,15.5,22.83,15.5,15.5,36938,34005,41641,44360,33227,0.58,3.34,81.61,80.77,84.77,85.62,87.29,80.29,81.66,86.13,83.09,85.02,84.7,418.7,56.6,92,86.7
4/14/2025,66.94,63.04,1.2,66.11,65.64,60.77,67.39,65.94,62.4,67.39,51.84,57.52,69.8,51.62,-9.22,0.33,1.3,1.3,1.69,1.63,1.63,1.65,1.06,0.65,0.28,0.03,1.63,61.53,61.05,64.88,64.22,65.39,0.91,65,0.66,0.72,610,604.25,79.9,79.45,203.42,204.8,209.17,72.8,650.75,195.22,78.65,657.75,201.8,202.22,201.58,77.9,65.19,12.5,20.58,22.7,30.19,15,19.79,18.02,16.16,41.14,26.49,29.38,8.36,32.33,36.85,34.18,40.77,13.78,21.98,13.78,13.78,37828,33995,41941,42604,33541,0.48,3.35,81.88,81.11,85.44,86.02,87.85,80.04,81.99,85.87,84.75,84.93,84.66,413.95,56.6,92,86.7
4/11/2025,65.74,63.04,1.2,64.94,64.19,59.07,66.19,64.74,62.12,66.19,50.64,56.29,68.6,50.84,-9.82,0.07,1.15,1.27,1.86,1.53,1.55,2.07,1.78,1.21,0.76,0.36,1.53,61.5,60.9,64.76,64.01,64.08,1.42,64.44,0.75,0.86,595.5,590.5,78.45,78.05,201.1,202.83,206.53,70.45,632,192.28,77.25,642.5,197.03,199.91,199.26,76.45,63.02,12.26,20.58,22.5,30.19,15,19.33,18.02,16.16,41.14,24.4,30,8,32.33,37.52,34.85,43.08,13.78,20.29,13.78,13.78,38669,32963,42786,42637,33145,0.6,3.26,79.93,79.26,84.46,85.19,86.74,77.74,80.76,83.88,82.75,83.96,83.69,400.2,56.6,92,86.7
4/10/2025,65.45,61.6,1.2,64.29,63.9,58.98,65.9,64.45,61.04,65.9,50.35,56.47,68.31,49.56,-9.88,0.1,1,1.3,1.74,1.57,1.63,1.91,1.61,1.09,0.7,0.32,1.57,60.07,59.63,63.33,62.78,63.6,1.24,64.15,0.55,0.69,598.25,592.75,78.85,78.55,200.04,200.74,204.64,70.95,628.5,189,77.65,645.75,195.14,196.13,195.31,76.8,61.8,12.73,20.58,22.5,30.56,15,19.33,20.45,16.16,42.78,21.61,29.38,8.54,32.33,38.19,36.19,43.08,15.5,21.98,15.5,15.5,39086,33197,44042,45577,35946,0.44,3.26,80.3,79.56,84.02,84.31,85.95,77.31,79.38,84.3,81.96,82.37,82.03,392.44,56.6,92,86.7
4/9/2025,64.85,61.65,1.2,61.73,61.09,55.78,63.09,61.64,63.06,63.14,47.54,53.19,67.71,51.29,-10.3,0.01,0.85,1.3,1.54,1.29,1.38,1.63,1.42,0.97,0.64,0.36,1.29,62.35,61.82,65.48,64.88,60.93,1.04,64.94,0.6,0.8,579,576.25,75.85,75.55,206.86,207.02,211.36,68.9,611.25,195.84,74.85,623.75,203.11,203.84,202.93,73.8,59.48,12.73,20.58,23.5,31.48,15.93,18.41,20.45,16.16,40.59,20.91,29.38,8.36,32.33,38.19,38.86,43.85,15.5,23.67,15.5,15.5,39749,30934,46794,42727,36639,0.53,3.13,77.72,77.35,86.88,86.95,88.77,75.18,82.25,81.43,85.31,85.61,85.23,377.69,56.6,92,86.7
4/8/2025,66.14,61.22,1.2,65.18,64.59,59.27,66.59,65.14,60.64,66.64,51.14,56.63,69,48.82,-10.07,0.15,0.9,1.38,1.7,1.19,1.23,1.7,1.36,0.93,0.54,0.18,1.19,59.58,59.1,62.82,62.34,64.33,0.96,66.87,0.48,0.85,610.5,606.75,79.45,79.2,200.75,200.5,205.7,72.7,644.25,191.64,78.6,655.75,196.95,199.14,197.98,77.3,62.75,12.85,20.76,22.09,31.85,15.93,17.95,19.48,16.16,45.53,21.61,31.25,8,32.76,39.52,39.52,44.62,17.22,24.52,17.22,17.22,38827,28310,46115,49673,35747,0.48,3.24,81.95,81.44,84.32,84.21,86.39,79.24,80.49,85.61,82.72,83.64,83.15,398.44,58.9,91.8,86
4/7/2025,66.54,62.4,1.2,65.51,64.59,60.23,66.99,65.54,62.2,66.94,51.54,55.92,69.4,51.18,-9.12,0.18,0.57,1.45,1.92,1.4,1.37,2.03,1.56,1.06,0.62,0.32,1.37,60.7,60.44,64.21,63.82,64.56,1.18,70.87,0.39,0.95,606,603.25,78.1,77.9,203.86,202.62,206.99,71.3,643.25,195.88,77.45,654.75,198.49,202.01,201,75.95,61.96,13.2,20.94,22.9,32.96,16.48,17.95,17.05,16.54,40.59,22.3,31.25,8,32.76,39.52,40.19,46.15,18.51,26.21,18.51,18.51,39916,28480,49127,41995,38029,0.26,3.51,81.34,80.97,85.62,85.1,86.94,79.12,82.27,85.48,83.37,84.84,84.42,393.44,58.9,91.8,86
4/4/2025,67.76,63.75,3.5,67.89,66.41,61.12,68.21,66.76,63.14,68.16,52.76,61.27,70.62,52.54,-8.93,-0.01,0.45,1.48,1.65,2.29,2.26,1.94,1.65,1.31,0.82,0.47,2.26,61.99,61.65,65.58,64.95,66.59,1.23,76.31,0.63,1.3,615.75,612.75,82.65,82.35,205.16,204.42,208.19,76.35,654.5,199.08,81.7,672.75,203.19,205.45,204.61,80.45,65.78,13.32,21.29,23.6,32.13,16.48,17.03,17.05,16.54,38.94,23.35,31.25,7.63,32.76,40.19,40.86,47.69,19.37,25.37,19.37,19.37,40138,24342,46288,39259,37653,0.34,3.59,82.65,82.25,86.17,85.86,87.44,80.5,83.61,87.83,85.34,86.29,85.94,417.7,58.9,91.8,86
4/3/2025,72.26,68.82,3.5,72.01,71.41,65.53,72.71,71.26,67.47,72.66,57.26,65.72,75.12,57.19,-9.05,0.26,0.7,1.42,1.8,2.53,2.57,2.1,1.81,1.41,0.91,0.53,2.53,66.95,66.47,70.14,69.42,70.76,1.19,76.31,0.72,1.25,647.25,644.25,87.15,86.9,215.52,215.87,218.89,81.6,707.75,209.93,86.15,707.5,216.02,216.43,215.66,84.95,70.43,13.43,21.47,23.6,32.13,16.48,17.95,17.53,16.54,38.94,24.4,31.25,7.82,33.19,41.53,41.53,49.23,19.8,27.06,19.8,19.8,39080,26440,44638,38026,36609,0.48,3.19,86.88,86.48,90.52,90.67,91.93,87.05,88.17,92.36,90.73,90.9,90.58,447.22,58.9,91.8,86
4/2/2025,77.2,73.49,3.5,76.3,77.1,70.4,77.65,76.2,71.76,77.6,62.2,67.13,80.06,61.17,-9.8,0.31,0.9,1.38,2.1,2.22,2.19,2.45,2.06,1.66,1.15,0.76,2.19,71.71,71.23,74.95,74.14,75.31,1.76,77.22,0.81,0.99,685,682.25,88.7,88.5,228.45,229.29,232.2,84.05,735.5,226.6,87.6,746,228.58,233.1,231.52,86.5,71.37,13.78,21.65,23.7,32.59,16.48,18.41,17.05,16.93,40.59,25.09,31.25,8.18,34.05,41.53,41.53,50.77,20.66,27.06,20.66,20.66,39404,27746,45420,39473,38121,0.48,3.24,91.95,91.58,95.95,96.3,97.52,90.47,95.17,97.39,96,97.9,97.24,453.22,58.9,91.8,86
4/1/2025,77.45,73.03,3.5,76.4,77.9,70.57,77.9,76.45,71.95,77.85,62.45,67.59,80.31,60.98,-9.52,0.45,0.92,1.38,1.98,1.95,1.91,2.13,1.88,1.53,1.15,0.77,1.91,71.2,70.74,74.49,73.75,75.52,1.67,76.49,0.74,0.88,685.75,682.75,89.05,88.75,225.39,226.55,228.89,83.65,739.75,224.88,87.8,741,222.14,230.25,228.91,86.95,71.57,13.9,21.65,23.7,31.85,16.3,18.87,17.05,16.93,39.49,25.79,31.25,8.54,34.05,40.86,41.53,49.23,21.53,28.75,21.53,21.53,39253,29013,43595,37674,38581,0.46,3.29,92.05,91.64,94.66,95.15,96.13,90.99,94.45,96.74,93.3,96.7,96.14,454.47,56.2,91.7,87
3/31/2025,77.02,73.12,3.5,74.77,77.47,70.06,77.47,76.02,72.17,77.42,62.02,66.22,79.88,60.59,-10.1,0.18,0.85,1.35,1.85,1.62,2.13,2.12,1.85,1.5,1.13,0.76,1.62,71.48,70.95,74.74,74.77,73.92,0.96,74.92,-0.03,0.85,686,682,89.05,88.75,225.32,227.94,231.4,83.65,726.5,222.82,87.8,736,221.94,228.31,229.07,86.95,71.57,13.78,21.29,23.1,32.04,16.3,18.87,18.99,16.89,41.14,25.79,31.25,8.54,34.48,41.53,41.53,48.46,21.53,30.44,21.53,21.53,38455,29339,44392,40401,38389,0.53,3.26,92.08,91.54,94.63,95.73,97.19,89.36,93.58,96.08,93.21,95.89,96.21,454.47,56.2,91.7,87
3/28/2025,74.38,71.02,3.5,74.77,75.23,66.8,74.83,73.38,70.22,74.78,59.38,66.22,77.24,58.62,-10.05,0.18,0.88,1.35,1.59,1.62,2.13,2.02,1.71,1.51,1.27,0.94,1.62,69.36,68.9,73.63,72.76,73.92,1.17,74.95,0.87,0.85,669.25,665.25,88,87.7,219.46,222.88,226.09,82.45,721,216.6,87.25,718.75,218.13,223.47,224.35,85.9,72.08,13.78,21.29,23.1,31.48,15.19,18.41,18.99,16.89,40.04,26.83,31.25,8.54,34.48,41.53,41.53,48.46,21.53,30.44,21.53,21.53,38455,27741,43138,37957,38389,0.46,4.27,89.83,89.3,92.17,93.61,94.96,88.68,90.97,93.83,91.61,93.86,94.23,457.72,56.2,91.7,87
3/27/2025,74.46,71.53,3.5,75.07,75.31,66.84,74.91,73.46,70.88,74.86,59.46,66.5,77.32,59.23,-10.05,0.31,1.08,1.35,0.93,1.61,1.55,1,0.91,0.84,0.69,0.53,1.55,69.92,69.49,74.03,73.34,74.22,0.66,75.46,0.69,0.85,676.75,672.25,87.7,87.4,221.97,225.42,228.47,82.4,714.75,216.2,87,727.5,219.17,224.64,225.45,85.5,72.12,13.76,21.29,23.1,31.48,15.19,18.41,18.51,17.27,39.49,27.53,33.13,8.54,34.48,42.2,40.19,47.69,21.53,30.44,21.53,21.53,38656,27896,43340,37730,38575,0.43,4.11,90.84,90.23,93.23,94.68,95.96,87.92,90.8,94.97,92.05,94.35,94.69,457.97,56.2,91.7,87
3/26/2025,74.78,71.34,3.5,75.27,75.63,67.84,75.23,73.78,70.64,75.78,59.78,66.31,77.64,58.9,-10.1,0.15,0.92,1.38,0.92,1.52,1.65,1.12,0.97,0.82,0.66,0.44,1.52,69.65,69.21,73.79,73.06,74.57,0.74,76.08,0.73,0.7,680.75,675.75,87.85,87.5,221.58,225.08,228.87,82.25,690.75,214.94,87.15,733.25,218.83,223.28,223.94,85.25,72.4,14.34,21.83,23.7,31.48,15.19,18.41,18.99,17.27,39.49,27.18,31.25,8.18,34.48,46.87,41.53,50,19.8,32.97,19.8,19.8,40033,27833,42950,37899,41171,0.44,4.14,91.38,90.7,93.06,94.53,96.13,84.96,90.27,95.72,91.91,93.78,94.05,459.72,56.2,91.7,87
3/25/2025,73.59,70.92,3.5,74.3,75.09,67.17,74.04,72.59,70.02,74.79,58.59,66.47,76.45,58.28,-10.12,0.02,0.42,1.48,0.75,1.44,1.49,0.95,0.75,0.65,0.55,0.4,1.44,69,68.6,73.02,72.39,73.6,0.56,74.43,0.63,0.7,672.75,667.25,87.05,86.75,221.4,224.33,228.59,81.7,689,211.16,86.55,722.25,216.18,220.87,221.41,84.35,72.28,14.46,22,23.7,31.48,15.19,17.95,18.51,17.27,38.4,20.91,31.25,8.18,34.48,47.54,42.86,51.54,17.22,32.97,17.22,17.22,40388,26327,42713,36352,41567,0.4,4.02,90.3,89.56,92.99,94.22,96.01,84.75,88.69,94.29,90.8,92.77,92.99,458.97,53.8,89.2,86.9
3/24/2025,74.04,71,3.5,74.48,75.54,67.34,74.49,73.04,70,75.24,58.64,65.53,76.9,58.34,-10.12,-0.05,0.3,1.5,0.76,1.23,1.16,1.02,0.8,0.7,0.58,0.42,1.16,69.11,68.66,73,72.37,73.78,0.6,74.07,0.63,0.7,672,666.75,86.7,86.35,218.54,221.96,225.71,80.7,672.75,210.93,86.4,716.25,214.06,220.66,220.93,84.05,71.49,14.92,23.07,25.61,30.37,12.41,17.95,16.56,16.89,32.36,17.77,31.25,8.18,34.48,48.2,43.53,51.54,17.22,32.13,17.22,17.22,44359,26342,40640,29720,44416,0.45,3.89,90.2,89.5,91.78,93.22,94.8,82.75,88.59,93.51,89.91,92.68,92.79,453.97,53.8,89.2,86.9
3/21/2025,72.5,70.04,3.5,73.62,74,65.63,72.95,71.5,69.28,73.78,57.1,65.63,75.36,57.58,-10.12,-0.11,0.85,1.4,0.6,1.54,1.54,0.95,0.73,0.6,0.5,0.41,1.54,68.28,67.89,72.16,71.61,72.92,0.48,73.61,0.55,0.7,668.25,662,86.6,86.25,217.34,220.97,224.96,80.6,656,211.29,86.05,711.5,211.22,219.54,219.76,83.9,71.49,14.92,23.07,25.61,30.37,12.41,17.49,16.56,16.89,32.36,16.38,31.25,8.18,34.48,48.2,44.2,51.54,18.08,30.44,18.08,18.08,44521,24852,40803,26236,44575,0.39,3.88,89.7,88.86,91.28,92.81,94.48,80.69,88.74,92.89,88.71,92.21,92.3,453.97,53.8,89.2,86.9
3/20/2025,72.42,69.69,3.5,73.63,73.57,66,72.87,71.42,69.16,73.69,57.02,64.79,75.28,57.38,-10.12,-0.18,0.8,1.35,0.4,1.46,1.45,0.78,0.67,0.56,0.49,0.45,1.45,68.26,68.07,72,71.47,72.88,0.41,72.64,0.53,0.75,666.25,660.25,85.95,85.6,217.18,220.83,225.43,79.55,649,211.48,85.35,713.25,211.2,219.11,219.5,83.15,71.02,15.74,23.6,25.61,28.15,12.04,17.49,16.56,16.5,31.81,15.33,31.25,8.18,34.48,48.2,44.2,50,19.37,29.59,19.37,19.37,46512,25035,36009,25431,48985,0.19,3.74,89.43,88.62,91.22,92.75,94.68,79.83,88.82,93.11,88.71,92.03,92.19,450.97,53.8,89.2,86.9
3/19/2025,71.46,68.67,3.5,72.05,72.61,64.88,71.91,70.46,68.42,72.74,56.06,63.52,74.32,56.32,-10.12,0.05,0.62,1.4,0.54,1.58,1.65,0.82,0.6,0.47,0.4,0.31,1.58,67.16,66.91,70.78,70.32,71.45,0.39,72.63,0.46,0.6,658,652.5,84.55,84.15,217.02,218.7,223.19,79,641,208.84,83.65,705.25,209.55,216.96,217.28,81.75,69.92,16.21,23.96,24.1,28.15,12.04,17.49,16.07,16.12,30.72,15.33,31.25,8.18,34.48,48.2,44.2,49.23,19.37,27.06,19.37,19.37,47950,25583,36269,23718,51649,0.25,3.62,88.32,87.58,91.15,91.85,93.74,78.84,87.71,92.07,88.01,91.12,91.26,443.97,53.8,89.2,86.9
3/18/2025,71.83,68.47,3.5,72.05,72.98,65.22,72.33,70.83,68.25,73.03,56.03,64.83,74.69,56.16,-10.15,0.28,0.92,1.42,0.84,1.55,1.59,1.08,0.77,0.52,0.39,0.29,1.55,66.9,66.75,70.56,70.12,71.45,0.44,73.09,0.44,0.6,652.25,648,85.7,85.3,213.9,215.71,219.45,80.5,651.25,209.22,84.65,695,206.58,216.84,217.16,82.9,71.73,14.46,22.18,23.7,28.15,12.04,18.87,15.58,16.12,30.17,15.33,31.25,8,34.91,48.2,44.2,49.23,18.94,26.21,18.94,18.94,41394,29898,35604,22752,41982,0.15,3.66,87.55,86.98,89.84,90.6,92.17,80.1,87.87,90.73,86.77,91.07,91.21,455.47,55,87.5,86.5
3/17/2025,72.23,69.22,3.5,72.24,73.38,65.79,72.73,71.23,68.67,73.33,56.43,64.11,75.09,56.57,-10.65,0.32,0.92,1.38,1,1.54,1.54,1.31,0.98,0.67,0.48,0.35,1.54,67.58,67.37,71.07,70.6,71.69,0.5,72.72,0.47,0.55,653.5,648.75,85.15,84.7,215,216.62,220.38,79.65,643.25,210.62,84.1,695,208.1,218.12,218.2,82.55,72.08,13.99,21.65,23.3,27.22,11.48,18.87,15.58,16.12,29.07,15.33,31.25,7.82,35.34,46.2,42.86,48.46,14.21,26.21,14.21,14.21,39308,29795,33192,21279,39308,0.21,3.49,87.72,87.08,90.3,90.98,92.56,79.12,88.46,90.73,87.4,91.61,91.64,457.72,55,87.5,86.5
3/14/2025,71.54,68.46,3.5,71.43,72.69,64.99,72.04,70.54,68.1,72.64,55.74,63.52,74.4,56.3,-10.45,0.39,1.15,1.23,0.99,1.41,1.41,1.11,0.81,0.46,0.2,0.02,1.41,67.18,66.91,70.58,70.06,70.9,0.63,72.4,0.52,0.53,645.25,640.75,84.9,84.6,211.51,213.48,216.66,78.4,640.5,207.62,83.85,687,205.41,214.87,215.07,82,72.28,13.64,21.29,22.9,27.04,11.48,18.41,15.58,16.12,29.07,15.33,32.5,7.82,35.34,45.53,40.19,47.69,13.78,27.06,13.78,13.78,38279,28858,32924,21609,37643,0.27,3.4,86.61,86.01,88.83,89.66,91,78.78,87.2,89.69,86.27,90.25,90.33,458.97,55,87.5,86.5
3/13/2025,71.3,68.03,3.5,71.07,72.45,64.9,71.8,70.3,67.04,72.4,55.5,64.06,74.16,55.41,-10.7,0.43,1.5,1.3,0.87,1.33,1.3,0.95,0.65,0.38,0.18,0.02,1.3,66.55,66.27,69.88,69.4,70.54,0.55,72.94,0.48,0.53,648.5,644,85.8,85.4,211.17,213.44,216.22,79.15,644.75,205.94,84.65,693.5,203.22,213.31,213.57,83.4,72.67,13.64,21.12,22.7,27.04,11.48,17.95,15.58,15.73,28.52,14.64,32.5,7.63,35.77,39.52,36.85,44.62,13.35,27.06,13.35,13.35,37145,27181,32377,19570,37119,0.28,3.33,87.05,86.44,88.69,89.64,90.81,79.31,86.49,90.54,85.35,89.59,89.7,461.47,55,87.5,86.5
3/12/2025,72.15,69.28,3.5,71.75,73.3,65.2,72.65,71.15,67.96,73.25,56.65,62.74,75.01,56.21,-11,0.52,1.62,1.45,0.8,1.35,1.18,0.83,0.57,0.33,0.14,0.01,1.18,67.68,67.38,70.95,70.45,71.25,0.53,72.15,0.5,0.5,656.5,651,85.3,84.8,215.58,217.88,220.63,77.7,631,202.26,83.95,702.5,206.5,215.01,215.45,83.05,72,13.76,21.29,22.7,27.04,11.67,17.49,15.58,15.73,28.52,15.33,33.13,7.63,35.77,38.86,34.85,44.62,13.35,25.37,13.35,13.35,37956,25345,32600,19760,37929,0.3,3.27,88.12,87.38,90.54,91.51,92.66,77.61,84.95,91.71,86.73,90.3,90.49,457.22,55,87.5,86.5
3/11/2025,71.07,67.9,3.5,70.93,72.22,64.57,71.57,70.07,67.05,72.17,55.57,62.56,73.93,54.67,-11.1,0.3,1.62,1.48,0.92,1.29,1.25,0.87,0.62,0.32,0.12,-0.03,1.25,66.25,65.93,69.56,69.05,70.39,0.58,71.93,0.51,0.54,669.25,653.25,84.95,84.25,214.68,216.11,219.68,76.55,618.5,196.12,83.5,697.75,204.43,210.5,211.13,82.65,72.04,13.53,20.94,22.7,27.04,11.67,17.03,15.58,15.35,29.62,15.33,33.13,6.91,36.2,38.19,34.85,41.54,13.35,25.37,13.35,13.35,36778,23759,32600,21587,36727,0.32,3.31,89.83,87.68,90.17,90.77,92.27,76.08,82.37,91.09,85.86,88.41,88.67,457.47,54.8,86,85.9
3/10/2025,70.96,67.67,3.5,70.66,72.11,64.43,71.46,69.96,66.79,72.06,55.46,63.32,73.82,53.76,-11.75,0.37,1.75,1.42,1,1.33,1.37,0.98,0.68,0.38,0.18,-0.01,1.33,66.03,65.68,69.28,68.79,70.08,0.69,72.52,0.49,0.58,662.5,648.25,86,85.25,213.36,214.8,217.99,77.35,621,196.12,84.45,692.5,202.74,209.25,209.89,83.9,73.89,13.41,20.76,22.09,27.04,11.67,16.11,15.58,15.35,30.72,16.03,33.13,6.36,37.07,36.19,34.85,41.54,12.48,24.52,12.48,12.48,35391,21071,31799,23336,35356,0.35,3.25,88.93,87.01,89.61,90.22,91.56,76.38,82.37,90.4,85.15,87.88,88.15,469.23,54.8,86,85.9
3/7/2025,71.96,68.73,3.5,71.37,73.51,65.26,72.46,70.96,67.88,73.06,56.46,62.78,74.82,54.19,-12.4,0.5,1.68,1.42,1.02,1.34,1.32,1.3,0.94,0.62,0.36,0.16,1.32,67.04,66.75,70.36,69.88,70.87,0.65,71.17,0.48,0.5,671.5,657,85.85,85.1,217.15,218.1,221.6,77.05,615.75,198.12,84.45,700.25,207.85,210.87,211.68,83.85,73.42,13.18,21.12,22.09,27.04,11.67,16.11,14.61,15.73,30.72,16.38,36.88,6.54,37.07,36.19,34.85,42.31,12.92,23.25,12.92,12.92,37349,20744,32583,23668,34896,0.29,3.32,90.13,88.19,91.2,91.6,93.07,75.74,83.21,91.42,87.3,88.57,88.91,466.22,54.8,86,85.9
3/6/2025,70.21,67.98,3.9,69.69,71.74,63.34,70.71,69.21,66.98,71.31,54.71,62.21,73.07,53.2,-12.62,0.4,1.85,1.4,0.9,1.26,1.17,1.08,0.77,0.48,0.27,0.12,1.17,66.36,66,69.46,68.98,69.14,0.6,70.96,0.48,0.55,664,649.75,85.75,85,218.08,217.54,222.38,76.8,628.75,194.87,84.55,691.75,209.63,210.12,210.8,83.75,71.61,13.06,20.76,22.09,27.04,11.67,16.11,14.61,15.73,31.81,16.38,36.88,6.54,37.07,36.85,34.85,42.31,12.92,22.83,12.92,12.92,36696,21001,33111,25357,34799,0.36,3.1,89.13,87.21,91.59,91.37,93.4,77.34,81.85,90.31,88.04,88.25,88.54,454.72,54.8,86,85.9
3/5/2025,69.75,67.97,3.9,68.97,71.26,62.82,70.25,68.75,66.9,70.95,54.25,63.39,72.61,52.1,-13.65,0.54,2.38,1.42,0.85,1.23,1.13,1.08,0.66,0.4,0.21,0.06,1.13,66.31,65.91,69.3,68.9,68.56,0.56,72.01,0.4,0.41,654.5,642.25,86.6,85.9,219.46,218.44,224.08,78.25,638.5,200.32,85.1,683.75,211.28,213.7,214.12,84.7,70.11,13.41,21.29,23.7,29.81,12.78,15.65,16.56,16.12,31.81,16.38,36.88,6.54,35.34,36.85,34.85,42.31,13.35,24.52,13.35,13.35,38736,19188,39659,25934,36832,0.4,2.99,87.85,86.21,92.17,91.74,94.11,78.54,84.14,89.26,88.74,89.75,89.93,445.22,54.8,86,85.9
3/4/2025,71.7,69.86,3.9,70.44,73.2,64.77,72.2,70.7,68.56,72.9,56.7,62.7,74.56,53.61,-14,0.84,3.05,1.27,0.79,0.88,0.63,0.99,0.63,0.36,0.16,0,0.63,68.26,67.7,71.04,70.56,69.99,0.6,74.09,0.48,0.45,675,662,86.65,86,224.52,222.58,228.72,78.45,654.25,198.54,85.35,700.75,215.47,219.42,219.71,84.85,70.66,13.41,20.76,23.7,29.81,12.78,15.19,16.56,15.73,32.91,16.38,36.88,6.36,31.89,36.85,33.52,42.31,13.78,24.94,13.78,13.78,36665,17505,39353,27281,36550,0.56,2.78,90.6,88.86,94.3,93.48,96.06,80.47,83.39,91.48,90.5,92.16,92.28,448.72,82.5,84.9,86.5
3/3/2025,73.99,70.04,3.9,73.24,75.16,67.53,74.64,72.99,69.16,75.19,58.99,65.25,76.85,54.05,-13.8,0.69,2.17,1.32,0.92,1.33,1.2,1.12,0.79,0.49,0.25,0.05,1.2,68.37,68.06,71.62,71.16,72.59,0.61,75.16,0.46,0.65,683,671.25,88.45,87.75,222.74,221.35,226.04,82.05,678.25,196.98,87.2,709.5,210.79,218.78,219.29,86.65,75.55,13.41,21.29,23,29.81,12.78,15.19,16.56,15.73,34.01,16.38,36.88,6.18,31.89,37.52,33.52,42.31,13.78,25.79,13.78,13.78,36735,16769,37649,28477,34913,0.31,3.25,91.68,90.1,93.55,92.97,94.94,83.43,82.73,92.62,88.53,91.89,92.1,479.73,82.5,84.9,86.5
2/28/2025,73.46,71.43,3.9,76.05,74.63,67.12,74.11,72.46,70.28,74.66,58.46,65.79,76.32,56.26,-12.85,0.22,2.12,1.25,0.82,2.99,4.06,1.11,0.91,0.64,0.42,0.25,2.99,69.76,69.34,73.18,72.81,73.7,0.45,74.73,0.37,2.35,690.75,677.5,88.95,88.35,229.62,231.5,235.49,82.7,683,200.73,88.25,712.25,214.42,197.03,222.23,87.2,74.72,13.41,21.29,23,29.81,12.78,15.65,16.07,15.73,34.01,16.38,36.88,6.54,32.33,37.52,32.18,42.31,13.78,25.79,13.78,13.78,36759,18655,37674,27907,34916,0.42,3.42,92.72,90.94,96.44,97.23,98.91,84.01,84.31,92.98,90.06,82.75,93.34,474.48,82.5,84.9,86.5
2/27/2025,74.5,72.06,3.9,76.59,75.67,67.53,75.15,73.5,71.51,75.7,59.5,65.83,77.36,56.74,-12.98,0.19,2.1,1.27,0.81,3.5,3.38,1.05,0.95,0.6,0.4,0.24,3.38,70.35,69.95,74.04,73.57,74.24,0.83,73.68,0.47,2.35,694,681.25,88,87.45,232.41,234.81,239.59,81.95,682,202.06,87.7,719.25,218.56,199.66,224.18,86.25,75.74,13.53,21.29,23,30.56,12.78,15.65,15.1,15.35,34.01,16.38,36.88,6.54,32.76,37.52,31.51,42.31,13.78,25.79,13.78,13.78,36489,18610,39074,27109,35278,0.4,3.69,93.15,91.44,97.61,98.62,100.63,83.89,84.86,93.9,91.8,83.86,94.16,480.98,82.5,84.9,86.5
2/26/2025,72.97,70.31,3.9,75.58,74.14,66.18,73.62,71.97,70.06,74.17,57.97,66.26,75.83,55.18,-12.92,0.23,1.72,1.3,0.59,2.09,3.16,0.73,0.68,0.5,0.35,0.18,2.09,68.62,68.3,72.53,72.07,73.23,0.75,76.67,0.46,2.35,682.25,670,89,88.5,226.5,229.2,234.43,82.55,681,196.97,88.65,708.25,213.58,194.89,219.22,87.25,74.29,13.99,21.29,23,30.98,12.78,16.11,14.12,15.35,30.72,17.08,36.88,7.27,32.76,37.52,30.85,42.31,14.64,27.06,14.64,14.64,37148,20026,40700,22784,38271,0.32,3.91,91.58,89.93,95.13,96.26,98.46,83.76,82.73,92.46,89.7,81.85,92.07,471.73,82.5,84.9,86.5
2/25/2025,73.01,70.72,3.9,75.41,74.18,66.19,73.66,72.01,70.54,74.21,58.36,67.8,75.87,55.48,-13.02,0.44,0.88,1.35,0.58,2.42,3.17,0.6,0.6,0.52,0.37,0.2,2.42,68.93,68.69,73.02,72.5,73.06,0.64,82.42,0.52,2.35,695.25,680.5,91.15,90.65,230.1,233.42,239.03,84.6,682.5,200.54,90.7,719.25,217.54,196.73,221.54,89.4,75.94,13.41,21.29,23.3,30.98,12.78,16.57,16.31,15.35,30.72,17.08,36.88,7.27,33.19,37.52,32.18,42.31,14.64,27.06,14.64,14.64,36542,21099,40093,21329,34667,0.24,4.09,93.32,91.34,96.64,98.04,100.39,83.95,84.23,93.9,91.37,82.63,93.05,482.23,82.1,81.9,84.9
2/24/2025,74.4,72.46,3.9,77.28,75.57,67.58,75.05,73.4,72.34,75.6,59.75,67.19,77.26,57.16,-13.1,0.29,1.3,1.68,0.47,2.68,2.95,0.48,0.44,0.37,0.28,0.13,2.68,70.7,70.45,74.78,74.31,74.99,0.52,84.42,0.47,2.29,712,697.25,90.7,90.15,234.92,237.77,243.58,84.5,702.25,205.6,90.3,734.75,221.9,201.1,225.72,89.05,75.74,13.29,21.29,23.3,30.98,12.78,16.57,16.31,15.35,31.81,17.08,36.88,7.27,33.62,36.85,32.85,42.31,16.79,27.06,16.79,16.79,36424,21165,39975,24149,33945,0.25,4.08,95.57,93.59,98.67,99.86,102.3,86.38,86.35,95.92,93.2,84.46,94.8,480.98,82.1,81.9,84.9
2/21/2025,74.72,72.28,3.9,77.57,75.89,67.75,75.37,73.72,72.13,75.92,60.07,68.93,77.58,57.09,-12.95,0.44,1.78,1.65,0.43,2.77,3.14,0.53,0.42,0.42,0.29,0.16,2.77,70.4,70.22,74.43,74.05,75.22,0.52,88.12,0.38,2.35,717,702.75,92.9,92.25,234.56,237.81,243.23,85.45,708.25,206.7,92.8,744,221.41,202.67,226.57,91.4,77.64,14.58,22.18,23.7,30.74,12.78,17.03,16.31,15.35,31.81,17.08,36.88,7.45,34.05,36.85,32.85,42.31,16.79,25.37,16.79,16.79,38864,22298,38925,24000,40047,0.18,4.03,96.24,94.33,98.52,99.88,102.16,87.12,86.81,97.13,92.99,85.12,95.16,492.99,82.1,81.9,84.9
2/20/2025,76.7,74.38,3.9,79.76,78.1,69.79,77.35,75.7,74.06,77.9,62.05,69.1,79.56,59.22,-12.88,0.26,1.78,1.72,0.41,2.97,3.1,0.74,0.68,0.55,0.4,0.24,2.97,72.57,72.48,76.48,76.05,77.25,0.65,88.35,0.43,2.51,734.75,719.25,92.85,92.25,241.54,244.66,250.34,86.7,714.75,213.2,93.2,761.75,228.04,208.65,232.17,91.35,77.56,14.92,23.6,25.71,31.3,13.43,16.57,16.31,15.35,31.81,17.43,36.88,7.45,34.48,36.19,32.85,42.31,17.22,27.06,17.22,17.22,43579,20812,40180,23819,41850,0.09,3.91,98.62,96.54,101.44,102.76,105.14,87.92,89.54,99.45,95.77,87.63,97.51,492.49,82.1,81.9,84.9
2/19/2025,76.31,74,3.9,79.04,77.71,69.05,76.96,75.31,73.69,77.66,61.66,69.1,79.17,58.25,-13.4,0.5,1.9,1.6,0.3,3.2,3.49,0.63,0.57,0.48,0.34,0.21,3.2,72.25,72.1,76.04,75.67,76.62,0.55,85.36,0.37,2.42,724.25,710.75,92.35,91.8,238.2,240.7,245.65,87.05,719.25,213.15,93.05,753.25,226.7,208.65,232.01,90.85,76.85,16.32,24.49,25.71,31.3,13.89,17.49,16.31,15.73,33.46,17.43,36.25,7.45,35.34,36.19,33.52,42.31,17.22,27.06,17.22,17.22,46677,23925,40334,26281,49186,0.15,3.79,97.21,95.4,100.04,101.09,103.17,88.47,89.52,98.34,95.21,87.63,97.44,487.98,82.1,81.9,84.9
2/18/2025,75.53,73.48,3.9,78.14,76.93,68.37,76.18,74.53,73.44,76.88,60.88,66.51,78.39,57.69,-13.7,0.44,2.08,1.52,0.35,3,2.94,0.62,0.48,0.37,0.27,0.16,2.94,71.85,71.83,75.84,75.43,75.76,0.46,84.45,0.41,2.38,719.5,706,91.75,91.15,237.18,238.74,244.06,86.6,714.75,211.17,92.55,747.25,226.99,208.67,232.22,90.25,75.78,15.16,23.07,24.91,30.93,13.7,17.49,16.31,15.73,33.46,18.82,37.5,7.63,33.62,35.52,33.52,40.77,15.07,27.9,15.07,15.07,42179,24159,39712,26772,43423,0.02,3.99,96.58,94.77,99.62,100.27,102.51,87.92,88.69,97.55,95.34,87.64,97.53,481.23,83.7,82,85
2/17/2025,75.36,72.33,3.9,77.36,77.06,68.28,76.21,74.36,72.54,76.01,59.96,66.08,78.22,56.7,-13.7,0.61,2.08,1.5,0.43,2.92,3.03,0.68,0.47,0.36,0.18,0.09,2.92,70.74,70.71,75.22,74.93,74.96,0.43,84.04,0.29,2.4,711.5,699.5,91.55,90.95,237.18,238.74,244.06,86.25,716.75,211.17,91.75,741.75,226.99,208.67,232.22,90.15,75.08,14.23,22.36,24.1,30.93,13.7,17.49,16.31,15.73,32.36,19.17,37.5,7.45,33.62,34.85,33.52,41.54,15.07,27.06,15.07,15.07,39777,24412,39501,24840,38595,0.03,4.48,95.5,93.89,99.62,100.27,102.51,88.16,88.69,96.83,95.34,87.64,97.53,476.73,83.7,82,85
2/14/2025,74.76,72.33,3.9,77.16,76.46,67.18,75.61,73.76,72.54,76.01,59.36,66.24,77.62,56.7,-13.7,0.79,2.08,1.5,0.39,2.98,3.12,0.27,0.38,0.2,0.08,-0.04,2.98,70.74,70.71,74.74,74.46,74.56,0.54,82.77,0.28,2.6,714.5,702,92.45,92,239.2,239.83,246.18,85.55,714.5,210.49,92.3,747.25,229.43,208.99,231.55,90.75,76.18,14.23,22.36,24.1,30.93,13.7,17.49,16.31,16.12,32.36,19.52,37.5,7.63,32.76,34.18,33.52,41.54,15.07,25.37,15.07,15.07,39610,24440,39501,24840,38394,0.03,4,95.91,94.23,100.47,100.73,103.4,87.88,88.41,97.55,96.36,87.78,97.25,483.74,83.7,82,85
2/13/2025,75.1,72.78,3.9,77.41,76.8,67.56,75.95,74.1,72.7,76.35,59.05,65.33,77.96,57.8,-13.15,0.86,1.68,1.42,0.3,2.98,3.2,0.22,0.33,0.1,0,-0.1,2.98,71.29,71.14,75.02,74.66,74.79,0.45,84.66,0.36,2.62,709,698.75,92,91.6,238.5,239.05,244.87,84.55,706,212.7,91.5,744.75,228.54,211.07,232.67,90.25,76.22,13.88,21.65,24.1,30.74,13.7,15.65,16.31,16.12,29.62,20.91,37.5,6.91,32.76,34.18,33.52,40,12.92,21.14,12.92,12.92,37443,18149,39272,20253,36783,0.15,3.73,95.17,93.79,100.17,100.4,102.85,86.84,89.33,97.23,95.99,88.65,97.72,483.98,83.7,82,85
2/12/2025,75.78,73.04,3.9,78.51,77.48,68.79,76.63,74.78,72.32,77.03,59.73,67.35,78.64,57.87,-13.2,0.7,1.5,1.52,0.12,3.08,3.3,0.11,0.1,0.01,-0.09,-0.16,3.08,71.37,71.24,75.18,74.87,75.86,0.32,86.58,0.31,2.65,724.5,714,93.8,93.5,240.2,239.32,245.2,86.15,721.25,209.71,93.65,763.75,229.08,208.96,231.32,92.15,78.15,13.29,21.47,23.8,30.74,13.7,17.03,16.31,16.12,29.07,20.56,37.5,6.91,32.76,33.52,32.18,38.46,15.5,19.45,15.5,15.5,35958,22546,38374,19377,32895,0.13,3.81,97.25,95.84,100.88,100.51,102.98,88.71,88.08,99.71,96.21,87.76,97.15,496.24,83.7,82,85
2/11/2025,76.68,74.97,3.9,79.22,78.38,69.87,77.53,75.68,73.97,77.83,60.98,67.64,79.54,59.8,-13.08,0.74,1.27,1.48,0.46,3.15,3.32,0.44,0.34,0.17,0.01,-0.15,3.15,73.32,73.08,77,76.62,76.72,0.57,85.89,0.38,2.5,733.75,729,93.45,93.15,246.56,245.11,251.46,86,737.5,215.36,93.3,772,235.34,214.73,237.18,91.85,78.82,13.53,20.58,22.9,30.93,13.89,17.03,15.1,16.12,27.43,19.17,37.5,6.72,32.76,32.18,28.84,38.46,15.5,21.14,15.5,15.5,32713,22423,38492,16677,33823,0.24,3.68,98.49,97.85,103.56,102.95,105.61,90.71,90.45,100.78,98.84,90.19,99.62,500.49,81.1,81,84.5
2/10/2025,76.19,74,3.9,78.32,77.84,69.28,77.04,75.19,72.78,77.59,60.49,65.33,79.05,58.59,-13.2,0.55,1.25,1.48,0.5,3.09,3.32,0.5,0.4,0.21,0.04,-0.13,3.09,72.32,72.01,75.87,75.43,75.82,0.69,84.44,0.44,2.5,718,713,92,91.75,240.12,239.34,245.09,84.95,726.5,211.17,91.7,758.5,230.84,210.42,233.38,90.4,77.16,14.69,22.36,24.3,31.2,14.63,17.49,15.1,16.5,29.07,18.12,34.38,6.91,32.76,32.18,27.51,38.46,15.93,22.83,15.93,15.93,39086,24243,39601,19435,40296,0.31,3.55,96.38,95.7,100.85,100.52,102.94,89.36,88.69,99.02,96.95,88.38,98.02,489.99,81.1,81,84.5
2/7/2025,74.38,72.78,3.9,77.17,76.03,67.45,75.23,73.38,71.66,75.78,58.68,65.17,77.24,56.96,-13.58,0.61,1.25,1.52,0.45,3.17,3.38,0.29,0.36,0.29,0.12,-0.02,3.17,71,70.74,74.66,74.26,74.57,0.67,83.63,0.4,2.6,706,701.75,91.6,91.35,239.46,236.76,243.08,83.85,720.25,212.38,92,748.25,228.7,210.5,232.08,90.1,76.69,15.74,24.13,26.11,33.61,16.11,17.95,14.61,16.12,29.07,17.77,34.38,6.72,32.76,32.18,26.84,38.46,17.22,28.75,17.22,17.22,45209,25965,45267,19666,45938,0.26,3.66,94.77,94.19,100.57,99.44,102.09,88.59,89.2,97.68,96.06,88.41,97.47,486.99,81.1,81,84.5
2/6/2025,74.91,72.39,3.9,77.18,76.56,68.3,75.96,73.91,71.22,76.31,59.21,64.73,77.77,56.17,-14,0.88,1.2,1.48,0.6,3.32,3.5,0.58,0.57,0.47,0.26,0.04,3.32,70.61,70.37,74.29,73.84,74.63,1.08,83.44,0.45,2.55,698,695,90.6,90.45,235.3,234.19,239.8,83.15,722.25,210.72,91.3,743.75,228.8,207.47,229.55,89.15,75.39,15.74,24.13,26.51,33.61,16.11,17.49,14.12,16.12,29.07,16.03,33.13,6.54,32.76,32.18,26.84,38.46,18.08,30.44,18.08,18.08,45685,24392,45745,19500,46396,0.24,3.68,93.69,93.29,98.83,98.36,100.72,88.84,88.5,97.1,96.1,87.14,96.41,478.73,81.1,81,84.5
2/5/2025,74.75,72.89,3.9,76.99,76.15,68.29,75.75,72.75,71.61,76.05,59.05,65.73,77.61,56.58,-13.92,1.11,1.12,1.58,0.45,3.42,3.56,0.38,0.42,0.4,0.22,0.01,3.42,71.03,70.74,74.61,74.09,74.42,1.03,83.8,0.52,2.57,700,696.75,92.05,91.85,233.54,233.72,238.42,84,714,208.94,92.2,742.25,229.8,205.07,228.52,90.6,76.18,16.32,24.84,26.71,33.61,16.11,16.57,14.12,16.12,29.07,16.03,31.25,6.54,32.33,32.18,26.84,38.46,18.08,31.28,18.08,18.08,47922,21304,45625,19659,49275,0.29,3.58,93.96,93.52,98.09,98.16,100.14,87.82,87.76,96.9,96.51,86.13,95.98,483.74,81.1,81,84.5
2/4/2025,76.4,74.64,1.5,78.21,77.8,69.6,77.4,74.4,73,77.7,61.3,64.79,79.26,58.16,-13.92,1.3,1.3,1.68,0.49,3.32,3.48,0.47,0.5,0.47,0.27,0.06,3.32,72.7,72.34,76.2,75.56,75.61,1.03,84.79,0.64,2.6,712.5,709,91.25,91.05,237.98,237.94,242.98,83.3,723.5,212.9,91.85,752.25,232.98,209.9,232.78,89.75,74.01,16.32,24.84,28.12,33.61,16.11,16.11,13.64,16.12,29.07,15.33,31.25,6.54,31.89,32.85,31.51,40,18.08,34.67,18.08,18.08,48179,19814,45885,19648,49511,0.36,3.5,95.64,95.17,99.95,99.93,102.05,88.99,89.42,98.2,97.85,88.16,97.77,469.98,78.7,79.1,83.5
2/3/2025,76.21,74.94,1.5,77.8,77.51,69.45,77.21,74.21,72.89,77.36,61.11,66.3,79.07,57.22,-14.88,1.55,1.88,1.48,0.59,3.6,3.9,0.5,0.55,0.51,0.29,0.05,3.6,73.16,72.39,75.96,75.14,75.22,1,84.79,0.82,2.58,716.75,712.25,93.3,92.9,240.78,239.7,246.31,86.35,728,212.9,94.1,756,235.44,211.77,232.64,91.85,75.94,14.92,23.07,24.1,34.63,16.11,16.57,14.12,16.12,29.07,14.99,28.75,6.54,31.46,32.85,32.85,40,18.51,34.67,18.51,18.51,41523,21285,47418,19427,41557,0.77,2.8,96.21,95.6,101.13,100.67,103.45,89.54,89.42,98.69,98.88,88.94,97.71,482.23,78.7,79.1,83.5
1/31/2025,77.08,74.47,1.5,80.29,78.08,70.39,78.08,75.08,72.67,78.13,61.98,65.61,79.94,57.23,-14.5,1.37,1.42,1.58,0.82,3.33,4.28,0.77,0.84,0.69,0.54,0.28,3.33,72.53,71.98,76.76,75.67,78.11,0.9,84.79,1.09,2.18,711.25,707,92.4,91.8,235.96,239.73,248.45,84.85,716.25,206.88,92.7,753.25,232.1,203.65,205.88,91,76.38,14.23,22,23.5,32.04,14.44,16.11,13.15,16.89,27.43,14.99,28.75,6.18,31.46,33.52,33.52,38.46,18.94,24.52,18.94,18.94,37966,19683,41543,17047,37931,0.55,4.23,95.47,94.9,99.1,100.69,104.35,88.1,86.89,98.34,97.48,85.53,86.47,484.99,78.7,79.1,83.5
1/30/2025,77.55,74.72,1.5,81.52,78.55,71.33,78.55,75.55,72.87,78.6,62.45,66.38,80.41,57.94,-14,1.07,1.32,1.54,1.01,4.42,4.87,1.02,1.04,0.87,0.61,0.32,4.42,72.73,72.18,76.87,75.89,78.82,0.99,84.79,0.98,2.7,709.5,705.75,92.4,91.8,235.98,240.06,247.54,84.85,706.5,207.15,92.7,748.5,230.44,203.74,206.65,91,76.38,14.23,22,24.1,32.04,14.44,15.19,13.64,16.89,27.43,15.33,28.75,6,31.46,34.18,34.85,38.46,17.22,23.67,17.22,17.22,38107,16513,41685,17267,38059,0.55,4.14,95.23,94.73,99.11,100.83,103.97,86.9,87,97.72,96.78,85.57,86.79,484.99,78.7,79.1,83.5
1/29/2025,77.97,74.42,1.5,81.52,78.97,71.14,78.87,75.97,72.55,79.02,62.87,66.38,80.83,57.71,-14,1.07,1.2,1.42,1.04,4.42,4.87,1.14,1.06,0.93,0.68,0.32,4.42,72.62,71.98,76.58,75.61,78.82,1.11,84.79,0.97,2.7,707.25,702.75,92.4,91.8,234.84,239.09,245.4,84.85,714.75,207.7,92.7,745.5,227.84,203.57,206.07,91,76.38,13.06,21.29,24.1,31.48,14.26,13.81,13.15,16.89,27.43,15.68,28.75,5.63,31.46,34.18,34.85,38.46,18.94,23.67,18.94,18.94,35750,12090,40431,16858,32050,0.64,3.96,94.93,94.33,98.63,100.42,103.07,87.92,87.23,97.32,95.69,85.5,86.55,484.99,78.7,79.1,83.5
1/28/2025,77.85,75.62,1.5,81.52,78.85,71.28,78.75,75.85,73.35,78.9,63.45,66.38,80.71,58.52,-14.1,1.07,0.88,1.48,1.03,4.42,4.87,0.99,1.09,0.95,0.73,0.37,4.42,73.77,72.94,77.49,76.49,78.82,1.04,84.79,1,2.7,701,697.75,92.45,91.9,234.62,238.65,245.01,84.8,714.5,207.7,92.6,738.25,226.25,205.26,207.57,91.05,75.74,12.36,20.58,22.19,30.74,12.78,14.27,13.15,16.89,27.43,15.68,28.13,5.63,31.46,34.18,34.85,38.46,19.37,23.67,19.37,19.37,33393,13374,38758,15275,28445,0.83,3.72,94.09,93.66,98.54,100.23,102.9,87.88,87.23,96.38,95.02,86.21,87.18,480.98,81.6,83.8,85.9
1/27/2025,77.86,75.02,1.5,81.18,78.86,70.91,78.76,75.86,73.07,78.91,63.46,66.95,80.72,58.99,-13.25,1.37,0.5,1.48,1.03,4.64,4.63,1.05,1.13,0.91,0.63,0.34,4.63,73.17,72.5,77.08,76.18,78.48,1.03,84.79,0.9,2.7,704.25,700.75,92.7,92.15,234.56,238.99,246,84.95,708.25,206.98,93,740,226.49,202.82,205.48,91.2,75.98,12.01,20.23,20.89,31.85,14.07,13.81,13.15,17.65,26.33,16.03,28.13,5.63,31.46,36.85,36.85,43.08,19.37,25.37,19.37,19.37,32245,11936,41298,13650,26662,0.67,3.91,94.53,94.06,98.52,100.38,103.32,87.12,86.93,96.61,95.13,85.18,86.3,482.49,81.6,83.8,85.9
1/24/2025,78.48,76.62,1.5,82.54,79.48,72.29,79.38,76.48,74.44,79.53,64.08,67.28,81.34,60.64,-13.05,0.92,0.1,1.55,1,4.5,4.56,1.37,1.12,1.07,0.82,0.53,4.5,74.66,73.96,78.5,77.55,79.84,1.08,89.98,0.95,2.7,721.75,717.75,94.2,93.6,239.55,244.8,251.62,84,724.5,208.9,93.95,755.75,232.8,204.9,207.65,92.75,77.32,12.24,20.94,22.9,32.04,14.35,14.27,12.18,18.04,25.23,16.38,27.5,5.63,31.89,37.52,37.52,44.62,19.37,27.9,19.37,19.37,34249,12893,41364,11230,27494,0.7,3.84,96.88,96.34,100.61,102.82,105.68,89.11,87.74,98.66,97.78,86.06,87.21,490.99,81.6,83.8,85.9
1/23/2025,78.65,76.41,1.5,82.26,79.65,72.37,79.55,76.65,74.28,79.7,64.25,67.79,81.51,60.73,-13.05,1.2,-0.1,1.48,0.83,4.48,4.33,1.12,0.98,0.85,0.7,0.46,4.33,74.62,74.02,78.29,77.56,79.44,0.91,96.74,0.73,2.82,716.25,713.25,94.7,93.9,239.02,242.34,247.15,83.75,726,210.66,93.95,748.75,231.72,206.56,209.53,93.15,77.16,12.83,21.65,23.7,32.41,15.37,14.27,13.15,18.42,25.23,17.08,24.38,5.82,32.33,38.86,39.52,44.62,19.37,28.75,19.37,19.37,36700,12714,42296,11946,30563,0.6,3.67,96.14,95.74,100.39,101.78,103.8,89.3,88.48,97.75,97.32,86.76,88,489.99,81.6,83.8,85.9
1/22/2025,79.67,77.12,1.5,82.52,80.47,71.37,80.67,77.67,74.74,81.22,65.27,67.71,82.53,61.35,-13.05,1.36,-0.18,1.2,0.98,4.52,4.5,1.35,1.17,0.99,0.76,0.51,4.5,75.44,74.69,79,78.15,80,0.95,94.66,0.85,2.52,727,722.25,95.85,94.9,239.97,242.72,248.42,83.2,725.5,209.06,94.8,755.5,233.97,205.78,208.69,94.15,76.93,14.92,23.96,26.31,33.33,15.93,14.73,13.15,19.96,25.23,17.77,24.38,6.18,32.76,39.52,40.19,46.15,18.51,28.75,18.51,18.51,44344,14185,44372,12281,41352,0.75,3.56,97.58,96.95,100.79,101.94,104.34,89.24,87.81,98.63,98.27,86.43,87.65,488.49,81.6,83.8,85.9
1/21/2025,80.26,77.08,1.5,83.03,80.96,73.06,81.26,78.26,75.08,81.81,65.86,68.37,83.12,61.02,-13.65,1.51,-0.22,1.05,0.7,4.79,4.7,1.39,1.18,0.93,0.67,0.46,4.7,75.89,75.83,79.29,78.4,80.13,0.88,92.37,0.89,2.9,737,731.5,96.6,95.6,246.9,248.32,255.81,83.3,726,211.68,95.5,771.75,241.82,208.43,211.55,94.65,78.03,16.09,24.84,27.52,36.67,17.96,15.65,13.15,19.19,27.43,16.03,24.38,6.54,33.19,44.2,44.2,49.23,18.51,30.44,18.51,18.51,47031,17374,51638,15449,47115,0.06,3.4,98.93,98.19,103.7,104.29,107.44,89.3,88.9,100.75,101.56,87.54,88.85,495.49,81.5,92.5,91.7
1/20/2025,80.76,78.87,1.5,82.85,81.12,74.76,81.76,78.76,75.93,83.28,66.66,68.72,83.62,61.09,-12.85,1.81,-0.08,0.88,0.92,4.83,4.83,1.6,1.33,1,0.71,0.45,4.83,77.88,77.39,80.15,79.1,80.05,1.07,89.11,1.05,2.8,746.75,740.5,98.45,97.1,246.9,248.32,255.81,84.5,724.75,211.68,96.85,780.25,241.82,208.43,211.55,96.35,78.11,17.49,26.62,30.13,37.41,18.33,15.65,13.15,18.42,28.52,16.03,24.38,6.18,32.76,46.2,46.2,50.77,19.8,30.44,19.8,19.8,52441,17463,52986,16933,53829,0.49,2.27,100.23,99.4,103.7,104.29,107.44,89.15,88.9,101.86,101.56,87.54,88.85,495.99,81.5,92.5,91.7
1/17/2025,82.28,78.87,1.5,83.38,82.64,76.98,83.28,80.28,75.93,83.28,68.18,72.01,85.14,61.09,-14.65,2.16,-0.08,0.88,1.36,5.05,5.08,1.27,1.05,0.65,0.25,-0.15,5.05,77.88,77.39,80.79,79.57,80.68,1.5,89.4,1.22,2.7,753.5,747.5,98.95,97.6,255.22,256.16,262.1,85.55,724.25,213.47,97.9,783.5,246.54,211.22,214.4,97,77.91,18.07,28.04,30.13,37.41,18.33,15.65,13.15,19.19,28.52,16.03,24.38,6,32.33,46.87,46.87,52.31,19.8,29.59,19.8,19.8,57313,17498,52986,16933,56995,0.49,2.91,101.14,100.34,107.19,107.59,110.08,89.08,89.66,102.28,103.54,88.71,90.05,494.74,81.5,92.5,91.7
1/16/2025,82.16,79.54,1.5,82.9,82.52,77.52,83.16,80.16,76.22,83.16,68.06,75.82,85.02,64.36,-13,2.24,0.12,0.72,1.47,4.66,4.73,1.35,1.08,0.66,0.21,-0.21,4.66,78.68,77.85,81.29,79.91,80.35,1.56,89.55,1.38,2.55,754.5,747.5,98.35,97.2,252.47,256.63,261.72,86.75,729.5,215.32,97.45,780.75,242.84,212.32,215.25,96.4,77.64,17.96,26.62,29.32,36.3,17.96,15.65,13.64,16.12,29.62,16.03,24.38,6,32.33,46.87,46.87,52.31,21.53,30.02,21.53,21.53,52768,17260,50647,18871,56551,0.83,2.61,101.28,100.34,106.04,107.78,109.92,89.73,90.43,101.93,101.99,89.17,90.4,492.99,81.5,92.5,91.7
1/15/2025,83.08,80.74,1.5,83.17,83.62,78.51,84.08,81.08,76.98,84.08,71.23,74.45,85.94,65.7,-12.5,1.79,0.4,0.72,1.5,3.78,3.8,1.55,1.2,0.62,0.22,-0.13,3.78,80.04,78.71,82.03,80.66,81.22,1.38,87.52,1.37,1.95,759.5,753,97.4,96.45,252.22,256.99,261.35,86.4,722,218.52,95.6,784.5,243.1,215.89,218.61,94.7,75.11,17.02,25.73,28.32,35.19,17.59,15.19,15.1,15.35,30.17,13.59,25,6,31.89,45.53,45.53,50,23.68,28.32,23.68,23.68,50621,16052,48941,19821,52512,1.33,1.99,101.95,101.07,105.93,107.94,109.77,88.81,91.78,102.42,102.1,90.67,91.82,476.98,81.5,92.5,91.7
1/14/2025,81.91,78.46,1.5,81.36,82.33,77.55,82.91,79.91,75.88,81.11,70.06,78.43,84.77,63.52,-12.4,2.14,0.85,0.85,1.45,3.81,3.75,1.33,0.97,0.5,0.06,-0.34,3.75,77.5,76.37,79.92,78.88,79.86,1.45,86.3,1.04,1.5,741.5,737.25,96.4,95.6,244.48,249.87,252.53,86.2,722.25,213.21,94.9,762.5,235.28,210.46,213.45,94.15,75.23,16.32,25.38,27.92,33.7,15.74,14.27,13.64,13.43,35.1,13.59,26.88,5.63,30.17,42.2,35.52,46.15,19.8,28.75,19.8,19.8,49581,12468,45733,27713,49077,1.13,2.42,99.53,98.96,102.68,104.95,106.06,88.84,89.55,99.54,98.82,88.39,89.65,477.73,83.1,95.7,93.3
1/13/2025,83.05,79.92,1.5,82.21,82.99,78.42,84.05,80.05,76.65,82.25,71.2,79.07,85.91,64.66,-12.1,1.93,0.95,1.02,1.7,3.12,3.1,1.67,1.28,0.68,0.2,-0.24,3.1,78.82,77.3,81.01,79.65,80.76,1.48,84.52,1.36,1.45,751.5,746,98.75,97.8,245.13,250.81,253.33,87.15,726.75,216.4,96.2,774.75,238.4,210.03,213.35,96.15,76.65,14.34,21.83,23.9,26.67,11.11,13.35,13.15,13.05,36.2,13.94,26.88,5.45,29.74,42.2,35.52,43.08,18.08,23.67,18.08,18.08,37084,9201,29131,29741,38134,1.52,2.19,100.87,100.13,102.95,105.34,106.4,89.39,90.89,101.14,100.13,88.21,89.61,486.73,83.1,95.7,93.3
1/10/2025,80.5,77.92,1.5,79.1,79.9,75.51,81.5,77.5,75.85,79.7,68.65,75.39,83.36,63.18,-12.22,1.5,0.75,1.18,1.35,1.75,1.73,1.36,1.27,1.03,0.6,0.18,1.73,76.57,75.75,79.76,78.85,78.2,1.34,81.43,0.91,0.9,730.75,724.5,93.6,92.85,242.97,247.59,250.17,83.85,710,211.62,92.1,755.5,235.67,207.49,210.41,91.2,72.24,11.66,18.45,20.09,23.7,10.37,12.43,12.18,13.05,35.1,13.94,26.88,5.45,29.74,42.2,34.85,43.08,15.5,21.14,15.5,15.5,27799,7251,24357,27142,26206,0.82,3.19,98.09,97.25,102.05,103.99,105.07,87.33,88.88,98.63,98.98,87.15,88.37,458.72,83.1,95.7,93.3
1/9/2025,78.02,75.38,1.5,77.18,77.42,72.95,79.02,75.02,73.25,77.22,66.17,73.88,80.88,60.82,-12.15,1.42,0.38,1.15,0.88,1.71,1.65,0.92,0.8,0.6,0.35,0.08,1.65,73.92,73.24,76.92,76.25,76.41,1.08,81.28,0.67,0.77,709,707.25,91.8,91.1,231.22,235.8,237.82,82.65,694.75,206.08,90.45,731.25,226.07,202.83,205.59,89.75,71.1,11.43,18.1,19.68,23.15,10.19,11.97,12.18,13.05,27.43,15.68,26.88,5.45,29.31,38.19,34.18,41.54,15.5,17.76,15.5,15.5,26804,6094,23285,15543,25197,0.68,3,95.17,94.93,97.11,99.04,99.88,85.46,86.55,95.46,94.95,85.19,86.35,451.47,83.1,95.7,93.3
1/8/2025,77.23,74.66,1.5,76.27,76.63,71.91,78.23,74.23,72.83,76.48,65.38,75.19,80.09,60.26,-12.15,1.54,0.28,1.02,0.8,1.71,1.62,0.88,0.71,0.48,0.21,-0.03,1.62,73.32,72.67,76.16,75.58,75.41,0.92,81.7,0.58,0.86,693.75,692.75,93,92.2,228.57,233.23,235.07,83.3,698.5,203.9,91.4,720.25,228.07,201.02,203.87,91.1,71.14,10.14,17.75,19.28,23.15,10.19,11.51,11.2,13.05,27.43,16.73,26.88,5.45,28.88,36.19,32.85,40,15.5,17.76,15.5,15.5,25655,4108,23315,16313,18599,0.65,2.84,93.12,92.99,96,97.96,98.73,85.92,85.64,94.03,95.79,84.43,85.63,451.72,83.1,95.7,93.3
1/7/2025,77.91,75.7,1.5,77.09,77.11,72.35,78.06,74.91,73.65,77.16,66.06,73.8,80.77,61.29,-12,1.36,0.32,1.08,1,1.63,1.6,1.11,0.95,0.7,0.37,0.08,1.6,74.25,73.57,77.05,76.4,76.24,1.31,80.69,0.65,0.85,702.5,701.5,91.75,90.9,230.66,234.87,236.63,83.05,698.5,206.54,90.15,727.5,231.13,202.66,205.44,90.15,69.56,10.14,17.21,18.68,21.67,9.81,11.97,11.69,13.82,27.43,17.77,26.88,5.63,29.05,33.12,32.45,38.46,15.5,17.76,15.5,15.5,24355,5891,20438,16398,19079,0.68,2.8,94.3,94.16,96.88,98.65,99.38,85.92,86.74,94.97,97.07,85.12,86.28,441.71,84.2,95.3,92.7
1/6/2025,77.61,74.83,1.5,77.07,76.81,71.73,77.76,74.61,72.96,76.36,65.61,74.05,80.47,60.74,-11.92,1.24,0.2,0.92,1,1.76,1.6,1.1,0.96,0.69,0.33,0.07,1.6,73.56,72.92,76.3,75.71,76.2,1.15,80.25,0.59,0.87,705.25,703.5,92.05,91.3,229.9,233.53,235.52,83.55,703,207.42,90.45,728,230.4,203.55,205.78,90.65,70.78,10.38,17.21,18.68,21.67,9.63,11.51,11.69,13.89,26.33,18.12,27.19,5.82,29.05,32.45,31.78,40,15.93,16.91,15.93,15.93,24174,4450,20258,14385,20093,0.64,2.74,94.66,94.43,96.56,98.08,98.92,86.47,87.12,95.04,96.77,85.49,86.43,449.47,84.2,95.3,92.7
1/3/2025,76.85,75.23,0.9,76.61,76.05,70.6,77,73.85,73.18,75.6,64.85,73.94,79.71,60.76,-12.18,1.09,0.2,0.88,0.74,1.57,1.63,0.65,0.8,0.7,0.49,0.25,1.57,73.96,73.21,76.51,75.93,75.91,1.12,79.38,0.58,0.7,703,700.75,92.7,91.9,229.46,233.03,234.78,83.6,703.25,210.5,90.45,725,229.73,205.37,207.56,91.35,71.61,10.14,16.5,18.28,22.22,9.63,12.43,11.69,13.89,24.68,19.24,27.19,5.82,28.62,32.45,31.11,40,21.53,18.26,21.53,21.53,21396,7041,21089,12068,18487,0.75,2.55,94.36,94.06,96.37,97.87,98.61,86.5,88.41,94.65,96.49,86.26,87.18,454.72,84.2,95.3,92.7
1/2/2025,76.83,74.54,0.9,76.56,76.03,71.02,76.98,73.83,72.69,75.58,63.53,72.76,79.69,60.1,-12.15,1.05,0.25,1.02,0.49,1.46,1.45,0.33,0.6,0.58,0.36,0.11,1.45,73.13,72.5,75.93,75.44,75.86,0.88,78.26,0.49,0.7,710.25,706.75,91.45,90.7,229.95,233.31,235.4,82.6,694.75,207.82,89.2,729,229.28,205.19,207.15,90.1,70.94,10.26,16.5,17.67,22.78,9.81,12.61,12.66,13.89,24.68,19.24,27.19,6.18,29.05,32.45,30.45,38.46,24.11,18.94,24.11,24.11,21406,7599,22354,11898,19087,0.63,2.8,95.34,94.87,96.58,97.99,98.87,85.46,87.28,95.17,96.3,86.18,87,450.47,84.2,95.3,92.7
12/31/2024,74.58,73.19,0.9,75.73,73.53,68.5,74.73,71.58,71.49,73.33,61.28,72.44,77.44,58.23,-12.8,1.1,0.28,1.08,0.48,0.67,1.91,0.4,0.58,0.55,0.35,0.13,0.67,71.72,71.25,74.64,74.24,75.15,0.88,76.28,0.4,0.58,695.25,691.75,91.1,90.4,226.24,231.64,232.06,82.15,684,203.17,89.55,714.75,225.02,200.15,200.92,89.9,71.14,9.75,17.34,18.8,22.96,9.81,12.64,12.47,13.89,26.9,19.29,27.19,6.09,28.59,32.61,29.91,38.46,24.26,18.98,24.26,24.26,24109,7518,22703,15575,16414,0.47,2.92,93.32,92.85,95.02,97.29,97.47,84.13,85.33,93.31,94.51,84.06,84.39,451.72,81.3,94.9,92.5
12/30/2024,74,72.44,0.9,74.69,72.8,67.89,74.55,71,70.82,72.75,60.7,71.49,76.86,57.51,-12.8,0.98,0.3,1.08,0.44,2.93,2.24,0.4,0.46,0.37,0.2,0.02,2.24,70.99,70.53,74.39,73.99,74.11,0.64,76.27,0.4,0.58,692.25,688.75,89.9,89.3,224.7,230.12,229.95,81.35,676,203.14,88.75,713,222.82,197.63,199.02,88.95,70.15,9.75,17.7,19,23.15,9.81,13.52,12.47,13.89,27.96,19.95,27.5,6.09,28.59,29.91,28.55,35.38,23.84,20.63,23.84,23.84,25914,11066,23739,17466,17051,0.46,3.4,92.92,92.45,94.37,96.65,96.58,83.15,85.32,93.08,93.58,83,83.59,445.47,81.3,94.9,92.5
12/27/2024,74.11,71.91,0.9,74.06,72.91,68.24,74.66,71.11,70.56,72.86,61.26,70.79,76.97,57.21,-12.75,0.99,0.3,1.08,0.58,2.79,2.24,0.44,0.74,0.64,0.44,0.25,2.24,70.6,70.18,74.17,73.79,73.58,0.73,76.27,0.38,0.48,680.5,677,88.2,87.65,219.04,224.99,224.48,80.65,679.25,201.74,86.85,705.25,215.99,195.82,197.11,87.3,69.72,9.75,17.7,19,23.15,9.81,13.95,12.47,13.89,32.71,20.62,27.5,6.09,28.59,29.91,28.55,36.92,27.6,20.63,27.6,27.6,25791,12636,23614,25444,16958,0.42,3.57,91.34,90.87,92,94.5,94.28,83.55,84.73,92.07,90.72,82.24,82.79,442.72,81.3,94.9,92.5
12/26/2024,73.17,70.86,0.9,73.42,71.97,67.75,73.72,70.17,69.68,71.92,60.32,71.36,76.03,56.42,-13,0.87,0.25,1.02,0.46,1.92,1.59,0.37,0.58,0.46,0.35,0.15,1.59,69.62,69.23,73.26,72.85,72.94,0.66,76.68,0.41,0.48,680.5,677,88.4,87.85,214.9,221.02,220.53,81.1,679.25,201.84,86.9,705.25,211.52,194.58,195.72,87.5,69.8,9.75,17.7,19,23.15,9.81,13.52,12.01,13.89,33.76,21.28,27.5,6.09,28.59,29.91,27.2,36.92,27.6,20.63,27.6,27.6,25992,10872,23816,27360,17143,0.39,3.64,91.34,90.87,90.26,92.83,92.62,83.55,84.77,92.07,88.84,81.72,82.2,443.22,81.3,94.9,92.5
12/24/2024,73.17,71.34,0.9,73.42,71.97,67.75,73.72,70.17,70.02,71.92,60.32,70.58,76.03,56.42,-13,0.74,0.2,0.57,0.46,1.45,1.1,0.37,0.58,0.46,0.35,0.15,1.1,70.1,69.64,73.58,73.17,72.94,0.66,75.83,0.41,0.48,674,670.5,88.2,87.65,216.62,222.62,222.15,80.2,673,202.78,86.45,693.75,213.12,195.89,196.91,87.35,69.44,9.75,17.7,19,23.15,9.81,13.52,12.01,14.66,33.76,21.28,27.5,6.09,28.59,29.91,27.2,36.92,27.6,20.63,27.6,27.6,25992,10872,23816,27360,17143,0.46,3.48,90.47,90,90.98,93.5,93.3,82.78,85.17,90.57,89.51,82.27,82.7,440.96,79.8,94.7,91.8
12/23/2024,71.75,70.5,0.9,72.17,70.55,65.83,72.3,68.75,69.24,70.5,58.75,70.64,74.61,55.6,-13,0.84,0.3,0.68,0.32,1.22,1.1,0.24,0.41,0.29,0.2,0.08,1.1,70.1,69.64,73.58,73.17,72.94,0.66,75.45,0.41,-0.77,669.5,666,89.15,88.55,216.66,223.03,222.63,80.5,669.25,195.91,87.7,688.5,213.38,193.83,194.66,88.35,69.56,9.75,17.7,19,23.15,9.81,13.95,12.01,14.66,33.76,21.61,27.5,6.09,28.59,29.91,28.55,36.92,27.6,20.63,27.6,27.6,26214,12867,24040,27502,17346,0.46,3.48,89.87,89.4,91,93.67,93.5,82.32,82.28,89.88,89.62,81.41,81.76,441.71,79.8,94.7,91.8
12/20/2024,73.14,70.76,0.9,72.84,71.59,66.43,73.69,70.14,69.68,71.94,60.14,70.08,76,55.81,-13,0.89,0.25,0.78,0.36,1.16,0.96,0.36,0.35,0.43,0.35,0.21,0.96,69.24,68.81,72.63,72.32,71.68,0.49,75.35,0.31,1.16,675.25,671.5,88.25,87.75,217.26,223.64,223.17,79.7,673.5,194.28,87,693.25,212.64,194.16,195.03,87.5,69.25,9.52,16.98,18.59,23.15,9.81,13.95,12.01,14.66,34.82,20.28,27.5,6.26,28.59,29.91,28.55,36.92,30.95,23.1,30.95,30.95,24174,12789,24376,29528,16451,0.43,3.39,90.64,90.13,91.25,93.93,93.73,82.84,81.6,90.5,89.31,81.55,81.91,439.71,79.8,94.7,91.8
12/19/2024,73.48,70.72,0.9,72.91,71.67,67.35,74.03,70.48,69.58,72.28,60.48,70.31,76.34,55.39,-13.35,0.95,1.82,0.8,0.48,1.19,0.95,0.52,0.52,0.51,0.41,0.28,0.95,69.46,69.02,72.94,72.56,72.36,0.6,75.87,0.38,0.55,679.25,675.5,88.95,88.4,216.9,224.16,223.77,80.65,669,192.94,88.05,704.5,214.28,192.28,193.19,88.2,69.44,9.52,16.62,17.99,23.89,9.81,15.26,13.39,14.66,36.93,19.29,27.5,6.26,29.03,29.91,29.23,35.38,33.46,22.28,33.46,33.46,22716,17317,25777,32324,16185,0.44,3.48,91.17,90.67,91.1,94.15,93.98,82.29,81.03,91.97,90,80.76,81.14,440.96,79.8,94.7,91.8
12/18/2024,74.76,71.58,0.9,74.04,72.88,69.59,75.31,71.76,70.17,73.56,61.76,71.04,77.62,55.71,-13.65,0.92,2.75,1.08,0.48,1.1,0.97,0.49,0.39,0.34,0.27,0.19,0.97,69.91,69.38,72.88,72.45,72.38,0.58,76.24,0.43,1.66,690.75,686.25,88.9,88.4,219.45,225.84,225.5,81.95,682.75,194.96,88.45,714.75,215.88,194.28,195.33,88.1,69.72,9.4,16.09,17.58,24.07,10.19,15.26,13.85,14.66,39.04,18.95,27.5,6.26,29.03,29.91,29.91,35.38,34.3,22.28,34.3,34.3,20675,17414,25933,36407,15332,0.53,2.97,92.72,92.11,92.17,94.85,94.71,83.98,81.88,93.31,90.67,81.6,82.04,442.72,79.8,94.7,91.8
12/17/2024,73.65,71.3,0.9,72.76,71.75,68.68,74.2,70.65,70.06,72.4,60.65,71.04,76.51,55.32,-13.75,0.91,2.38,1.23,0.45,1.02,0.91,0.35,0.29,0.23,0.16,0.08,0.91,70.58,70.02,73.39,73,73.62,0.52,75.63,0.39,-0.86,673.25,670,89.1,88.65,217.29,223.24,222.79,82.25,673,192.89,88.8,701.5,211.16,194.39,195.42,88.35,68.97,9.4,16.09,17.58,24.07,10.56,15.26,14.78,15.43,41.15,19.29,27.5,6.26,29.03,29.91,29.91,38.46,31.79,21.45,31.79,31.79,21145,17412,26407,39405,15758,0.56,2.81,90.37,89.93,91.26,93.76,93.57,82.78,81.01,91.58,88.69,81.64,82.08,437.96,84.2,94.7,92.4
12/16/2024,74.38,72.17,0.9,73.62,72.45,69.45,74.93,71.53,69.77,73.13,61.13,71.63,77.24,56.18,-13.5,1.02,1.2,1.23,0.54,0.97,0.93,0.5,0.41,0.31,0.22,0.13,0.93,70.08,69.65,73.19,72.85,72.34,0.42,76.3,0.34,1.28,685.75,682,89.9,89.45,220.52,226.66,226.4,83.2,680.5,196.44,89.65,715.25,215.52,197.57,198.38,89.15,69.96,9.75,16.45,18.19,25,10.93,15.26,14.78,15.43,41.15,18.62,27.5,6.26,29.03,29.91,29.91,39.23,31.79,23.1,31.79,31.79,21898,17149,28061,39435,17171,0.43,3.11,92.05,91.54,92.62,95.2,95.09,83.7,82.51,93.37,90.52,82.98,83.32,444.21,84.2,94.7,92.4
12/13/2024,74.74,72.92,0.9,73.98,72.77,70.3,75.29,71.89,70.34,73.49,61.49,70.96,77.6,58.36,-12.2,0.98,0.9,1.3,0.55,0.97,0.9,0.59,0.23,0.11,0,-0.1,0.9,70.71,70.29,73.91,73.52,73.2,0.47,76.24,0.39,0.78,689.25,685,89.75,89.15,220.12,227.36,227,83.4,688,198.56,89.15,719.25,216.12,200.18,200.86,88.45,68.46,9.4,16.98,18.19,25,10.93,15.26,14.31,15.43,33.76,18.62,27.5,6.26,29.03,29.91,29.91,39.23,30.11,23.1,30.11,30.11,24211,17026,28595,27489,15869,0.42,3.2,92.52,91.95,92.45,95.49,95.34,84.62,83.39,93.9,90.77,84.08,84.36,434.71,84.2,94.7,92.4
12/12/2024,73.17,71.48,0.9,72.32,70.75,69.03,73.72,70.32,69.33,71.32,59.92,71.13,76.03,56.92,-12.52,1.1,0.65,1.2,0.62,1,0.96,0.66,0.3,0.13,-0.04,-0.14,0.96,71.29,70.82,74.49,74.09,73.58,0.45,75.38,0.4,-1.26,669.5,667.25,89.6,89,216.54,224.24,223.66,83.45,683,195.72,88.8,696.25,214.41,198.85,199.74,88.3,68.58,9.52,17.16,18.59,25.56,11.3,15.7,14.31,15.43,33.76,18.29,27.5,6.44,29.03,29.91,31.26,38.46,30.95,23.6,30.95,30.95,24904,18836,29950,28321,16566,0.47,3.2,89.87,89.56,90.94,94.18,93.94,84.01,82.2,90.89,90.05,83.52,83.89,435.46,84.2,94.7,92.4
12/11/2024,74.04,71.84,0.9,72.84,71.62,70.02,74.69,71.19,69.29,72.19,60.79,69.85,76.9,57.19,-12.45,0.98,0.65,1.25,0.79,0.91,0.77,0.74,0.41,0.2,0.02,-0.1,0.77,70.02,69.66,73.41,73.08,71.92,0.46,74.78,0.33,0.92,680,672.75,87.4,87.05,215.2,222.95,222.33,82.05,676.5,195.83,86.9,708.5,213.83,198.58,199.53,86.25,66.69,9.52,17.16,18.59,25.93,11.48,15.7,14.78,14.27,39.04,17.96,27.5,6.44,29.03,29.91,31.26,38.46,31.79,23.93,31.79,31.79,25383,19395,31265,36119,17066,0.36,3.39,91.28,90.3,90.39,93.64,93.38,83.21,82.25,92.49,89.81,83.4,83.8,423.46,84.2,94.7,92.4
12/10/2024,73.78,70.38,1.7,72.27,71.36,69.76,74.73,70.93,68.05,71.93,60.53,69.36,76.64,55.76,-12.32,1.02,0.45,1.4,0.81,0.86,0.71,0.76,0.4,0.2,0.04,-0.08,0.71,70.29,69.87,73.52,73.14,72.52,0.51,73.76,0.38,-0.25,667.75,663.75,87.1,86.85,211.51,219.24,218.61,81,667.75,194.18,86.7,696.75,208.36,195.68,196.51,86.05,66.65,9.87,17.16,18.59,25.93,11.48,15.7,16.16,14.27,40.09,18.29,27.5,6.44,30.33,29.91,31.26,36.92,31.79,24.75,31.79,31.79,25487,19331,31368,38125,18998,0.42,3.23,89.63,89.09,88.83,92.08,91.82,82.13,81.56,90.96,87.51,82.19,82.53,423.2,83.9,95,93.3
12/9/2024,73.63,70.17,1.7,72.2,71.21,69.29,74.58,70.78,67.99,71.78,61.23,69.25,76.49,55.62,-12.3,1.06,0.28,1.45,0.8,0.93,0.77,0.65,0.42,0.17,0.02,-0.11,0.77,68.59,68.27,72.19,71.9,71.94,0.51,73.65,0.29,0.26,662.75,660,86.9,86.45,211.25,218.8,218.35,79.7,657.5,192.25,86.5,689,206.6,195.25,196.02,85.75,67.04,10.11,17.7,19.2,25.93,11.48,16.13,15.7,14.27,40.09,18.62,33.13,6.44,30.33,30.58,30.58,36.92,27.6,21.12,27.6,27.6,26814,21036,30913,38589,19770,0.32,3.6,88.96,88.59,88.72,91.9,91.71,80.87,80.74,89.95,86.77,82,82.33,425.7,83.9,95,93.3
12/6/2024,72.59,69,1.7,71,70.16,68.53,73.54,69.74,66.95,71.09,60.19,69.19,75.45,54.52,-12.4,1.2,0.2,1.45,0.8,0.98,0.81,1.12,0.64,0.43,0.24,0.09,0.81,68.37,68.09,72.14,71.84,71.8,0.51,72.53,0.3,-0.8,647.75,645.25,86.3,85.85,205.81,213.92,213.26,79.8,651,186.37,86.25,673.75,200.38,190.62,191.59,85.25,67.28,10.11,17.7,19.2,25.93,11.48,16.13,15.7,14.27,40.09,18.29,33.13,6.61,30.33,29.91,29.23,38.46,25.93,21.12,25.93,25.93,26699,20488,30796,38973,19671,0.28,3.77,86.95,86.61,86.44,89.85,89.57,80.07,78.28,87.96,84.16,80.06,80.47,427.21,83.9,95,93.3
12/5/2024,73.73,70.13,1.7,71.81,71.3,69.7,74.68,70.88,67.83,72.23,61.33,69.49,76.59,55.37,-12.5,1.31,0.38,1.48,1.03,1,0.91,1.32,0.81,0.57,0.31,0.16,0.91,67.2,66.98,71.12,70.8,70.55,0.68,73.64,0.32,1.26,658.5,654.75,86.55,86.1,208.37,216.2,215.57,80.95,660.25,188.5,87.05,677.75,202.94,193.25,193.93,85.55,67.47,10.22,17.88,19.2,25.93,11.48,16.13,15.7,14.27,40.62,18.62,33.44,6.44,30.76,29.23,31.94,41.54,23.84,19.8,23.84,23.84,27280,20852,30783,39494,20274,0.22,3.92,88.39,87.89,87.52,90.8,90.54,81.21,79.17,88.48,85.24,81.16,81.45,428.46,83.9,95,93.3
12/4/2024,74.95,70.38,1.7,72.87,72.6,70.54,76.05,72.1,68.08,73.45,62.55,70.97,77.81,55.88,-12.22,1.32,0.52,1.5,1.04,1.02,0.9,1.3,0.8,0.48,0.24,0.06,0.9,68.3,67.96,72.09,71.68,71.39,0.76,74.63,0.41,1.48,666.25,663,87.95,87.6,209.99,217.39,216.74,82.6,672.75,191.28,88.6,684.5,203.99,193.91,194.73,87.1,69.48,10.22,18.23,19.81,26.48,11.48,15.26,15.7,14.27,40.62,18.62,33.44,6.09,31.19,28.55,32.61,41.54,23,19.8,23,23,27817,17029,31385,38507,19637,0.34,3.79,89.43,88.99,88.2,91.3,91.03,82.75,80.34,89.36,85.68,81.44,81.79,441.21,83.9,95,93.3
12/3/2024,74.97,71.95,1.7,73.14,72.27,70.15,76.07,72.12,69.45,73.47,62.52,69.55,77.83,57.18,-12.25,1.26,0.08,1.5,0.85,0.87,0.78,1,0.52,0.32,0.14,0,0.78,68.54,68.19,72.31,71.93,72.46,0.68,74.69,0.38,0.68,676.25,671.75,86.95,86.6,215.6,221.99,221.77,80.65,661.25,194.36,87.65,698.5,208.9,196.24,197.09,86.05,69.36,10.46,18.59,20.21,26.67,11.48,15.26,14.31,14.27,32.71,18.95,33.44,6.09,31.63,29.91,32.61,41.54,20.91,21.45,20.91,20.91,29617,17281,32421,26614,21424,0.35,3.77,90.77,90.17,90.55,93.24,93.14,81.33,81.63,91.19,87.74,82.42,82.78,440.46,81.1,93.7,90.5
12/2/2024,72.97,70.04,1.7,71.23,69.75,68.54,74.07,70.12,67.79,71.47,60.52,69.59,75.83,55.82,-11.98,1.37,-0.22,1.42,0.65,0.87,0.96,0.66,0.36,0.19,0.09,-0.01,0.87,69.94,69.54,73.62,73.2,72.74,0.54,73.64,0.42,-1.51,667.25,661.5,87.45,87,211.97,217.81,217.77,80.35,659,189.1,88.2,695.5,205.14,191.72,192.33,86.55,70.9,10.58,18.77,20.41,27.04,11.85,15.26,12.93,14.27,27.43,18.95,33.44,6.26,31.63,29.91,32.61,41.54,20.91,21.45,20.91,20.91,29356,17089,32394,17840,21260,0.4,3.68,89.56,88.79,89.03,91.48,91.46,81.06,79.42,90.8,86.16,80.52,80.78,450.22,81.1,93.7,90.5
11/29/2024,74.03,70.56,1.7,72.64,70.79,69.44,75.13,71.18,68.18,72.04,61.58,69.78,76.89,56.12,-12.22,1.45,-0.35,1.48,0.67,0.94,0.57,0.99,0.61,0.38,0.23,0.1,0.57,68.1,67.84,71.83,71.54,70.83,0.45,73.76,0.29,1.81,677,671.75,87.55,87.2,211.97,217.81,217.77,80.55,662.25,189.1,88.35,704.75,205.14,191.72,192.33,86.75,71.26,10.58,18.77,20.61,27.22,12.22,14.82,12.93,14.66,25.32,18.95,33.44,6.26,32.06,30.58,32.61,41.54,22.59,21.45,22.59,22.59,29209,15512,33123,14740,21067,0.26,3.73,90.87,90.17,89.03,91.48,91.46,81.46,79.42,92,86.16,80.52,80.78,452.47,81.1,93.7,90.5
11/28/2024,73.49,70.56,1.7,71.94,70.34,68.95,74.59,70.64,68.18,72.04,61.04,68.93,76.35,56.12,-12.22,1.51,-0.35,1.48,0.71,1,0.92,1.12,0.7,0.41,0.21,0.08,0.92,68,67.72,72.94,71.84,72.29,0.35,73.03,1.1,-0.35,669.25,664.25,87.05,86.7,211.97,217.81,217.77,79.65,663.75,189.1,87.65,694.25,205.14,191.72,192.33,86.3,70.47,11.05,18.95,20.61,27.22,12.22,14.82,12.93,14.66,25.32,18.95,33.44,6.09,32.06,29.91,31.26,41.54,22.59,23.1,22.59,22.59,30025,15533,33123,14740,23711,0.28,4.94,89.83,89.16,89.03,91.48,91.46,81.64,79.42,90.63,86.16,80.52,80.78,447.47,81.1,93.7,90.5
11/27/2024,73.62,70.56,1.7,72.36,70.71,69.22,74.72,70.77,68.18,72.04,61.07,69.5,76.48,56.12,-12.18,1.47,-0.35,1.48,0.74,1,0.75,1.16,0.73,0.43,0.2,0.05,0.75,68.72,68.35,73.28,72.78,71.59,0.68,73.61,0.5,0.77,675,668.5,87.9,87.55,214.26,221.14,220.36,80.15,656,191.72,88.5,703,208.76,197.34,192.84,87.25,70.35,11.16,18.95,20.61,27.22,12.22,14.39,12.93,15.43,25.32,18.62,33.44,5.92,32.06,28.55,30.58,41.54,22.59,24.34,22.59,22.59,30253,14044,33123,14740,24511,0.37,4.56,90.6,89.73,89.99,92.88,92.55,80.69,80.52,91.78,87.68,82.88,80.99,446.72,81.1,93.7,90.5
11/26/2024,74.5,70.61,1.7,72.82,71.75,69.92,75.45,71.65,68.26,72.92,61.95,69.72,77.36,56.2,-12.2,1.62,-0.38,1.48,0.7,0.94,0.8,1,0.67,0.43,0.25,0.08,0.8,68.72,68.35,72.83,72.3,71.81,0.72,73.72,0.53,1.01,690,681.75,88.85,88.5,220.04,224.77,224.04,80.15,665.25,193.98,89.35,711.75,211.27,199.18,194.85,88.15,70.07,11.52,18.95,20.01,27.22,12.22,12.21,11.08,16.2,25.32,18.62,33.44,5.92,32.49,29.91,27.2,41.54,22.59,24.34,22.59,22.59,30071,6354,32940,14633,26147,0.37,4.11,92.62,91.51,92.42,94.4,94.1,81.83,81.47,92.92,88.73,83.66,81.84,444.96,82.3,92.3,90.2
11/25/2024,74.19,71,1.7,72.33,71.23,69.36,73.99,71.34,68.39,72.61,61.64,70.71,77.05,56.48,-12.05,1.72,0.28,1.78,0.79,0.8,0.83,1.1,0.8,0.57,0.34,0.14,0.8,68.77,68.44,72.81,72.32,72.27,0.69,73.72,0.49,0.06,679,671.5,89.45,89.15,219.78,224.41,223.53,81.1,675.25,194.12,89.85,713.25,209.66,200.05,195.12,88.75,70.19,12.57,20.02,21.83,27.59,12.59,12.64,11.54,16.2,25.32,18.62,33.44,5.92,33.36,29.91,27.2,41.54,22.59,23.51,22.59,22.59,33836,8414,33982,14477,31774,0.33,4.04,91.14,90.13,92.31,94.25,93.88,83.06,81.53,93.11,88.06,84.02,81.95,445.72,82.3,92.3,90.2
11/22/2024,76.15,73.81,1.7,74.17,73.35,71.31,75.95,73.3,70.48,74.58,63.6,71.29,79.01,58.53,-12.15,1.51,-0.02,1.88,1.09,0.85,0.86,1.41,0.83,0.55,0.44,0.28,0.85,68.94,68.58,73.01,72.48,71.76,0.77,75.57,0.53,2.41,697.75,690.5,90.75,90.35,222.58,228.45,227.49,80.3,682,199.74,91.25,724.75,212.7,206.14,201.49,90.15,71.33,12.69,20.56,22.23,27.59,12.59,13.08,12.93,16.2,27.43,17.96,33.44,5.57,33.36,29.91,27.2,41.54,22.59,22.28,22.59,22.59,34830,10009,33193,18271,31609,0.36,4.07,93.66,92.68,93.48,95.95,95.55,83.89,83.89,94.61,89.33,86.58,84.63,452.97,82.3,92.3,90.2
11/21/2024,75.22,72.5,1.7,73.28,72.42,70.54,75.02,72.37,69.94,73.64,62.67,70.15,78.08,57.31,-12.4,1.44,-0.32,1.75,1.13,0.9,0.68,1.31,0.69,0.44,0.32,0.16,0.68,71.24,70.77,75.17,74.63,73.72,0.67,75.63,0.54,-0.44,691.75,685,89.4,89,222.36,228.39,227.44,79.3,679,197.92,90.1,718.5,211.26,205.94,200.17,88.9,69.01,12.81,20.74,23.04,27.78,12.78,13.95,12.93,16.97,29.01,17.62,33.75,5.74,32.49,28.55,26.52,41.54,23.84,21.45,23.84,23.84,36365,12978,34556,19928,33131,0.47,3.93,92.85,91.95,93.39,95.92,95.52,83.52,83.12,93.8,88.73,86.49,84.07,438.21,82.3,92.3,90.2
11/20/2024,74.54,70.52,1.7,72.46,71.74,70.01,74.34,71.69,68.76,72.54,60.94,70.15,77.4,56.3,-12.2,1.46,-0.35,1.5,1.08,0.79,0.75,1.15,0.56,0.29,0.16,0.01,0.75,70.1,69.77,74.23,73.77,72.83,0.61,74.44,0.46,-0.37,682.25,676.5,89.15,88.75,215.9,223.65,222.63,79.4,679.5,196.24,89.85,708.75,206.28,204.58,199.12,88.75,69.36,12.69,20.91,22.84,27.59,12.78,13.95,12.93,15.04,29.01,16.96,33.75,5.57,32.49,28.55,26.52,41.54,25.43,21.45,25.43,25.43,36754,12728,33932,20628,32334,0.33,4.13,91.58,90.81,90.68,93.93,93.5,83.58,82.42,92.53,86.64,85.92,83.63,440.46,82.3,92.3,90.2
11/19/2024,74.03,71.26,1.7,71.81,71.73,69.53,73.83,71.18,69.26,72.03,60.43,69.71,76.89,56.64,-12.35,1.46,0,1.68,1,0.68,0.55,0.86,0.37,0.14,0.05,-0.06,0.55,68.87,68.75,72.81,72.49,72.06,0.5,73.91,0.32,-0.25,688.25,681.25,89.3,88.95,217.82,225.17,224.02,78.55,671.25,197.12,90.05,718,209.42,203.77,199.25,88.55,68.54,13.87,21.45,23.85,27.59,12.78,13.08,12.93,15.43,28.49,15.96,33.75,5.57,32.06,28.55,26.52,41.54,26.77,21.45,26.77,26.77,38769,10091,34168,19074,38610,0.12,3.94,92.38,91.44,91.48,94.57,94.09,82.56,82.79,93.73,87.96,85.58,83.68,435.21,81.4,95.4,91.4
11/18/2024,73.75,71.04,1.7,72.36,72,69.07,73.55,70.9,69.27,71.75,60.15,67.98,76.61,56.62,-12.35,1.32,-0.5,1.62,1.11,0.73,0.53,1.04,0.63,0.34,0.17,-0.02,0.53,69.39,69.24,73.31,72.99,71.61,0.37,73.13,0.32,0.75,686.5,679.75,86.6,86.25,218.89,226.21,225.14,77.3,664.25,198.46,87.65,715.25,209.64,201.83,198.2,85.85,67.59,13.4,20.38,22.23,27.41,12.41,13.08,13.85,15.43,30.07,15.3,33.75,5.92,31.19,28.55,25.85,41.54,25.1,15.68,25.1,25.1,35502,10122,34043,22061,36492,0.15,3.92,92.15,91.24,91.93,95.01,94.56,81.7,83.35,93.37,88.05,84.77,83.24,429.21,81.4,95.4,91.4
11/15/2024,72.94,68.66,1.7,71.42,71.19,68.48,72.74,70.09,67.07,70.94,59.34,68.18,75.8,55.3,-11.6,1.33,-0.85,1.5,1.05,0.75,0.55,1.16,0.78,0.41,0.13,-0.07,0.55,69.16,69.17,73.3,73.01,72.01,0.55,72.51,0.29,-0.59,671,666.5,86.15,85.75,210.46,218.18,217.09,76.25,656.25,192.56,87.4,704.75,201.22,194.93,192.14,85.05,68.62,12.93,20.02,21.83,27.22,12.04,13.08,12.01,15.43,27.43,15.3,33.75,5.92,31.19,28.55,26.52,40.77,22.59,14.85,22.59,22.59,34195,9659,33505,18307,33965,-0.01,4.14,90.07,89.46,88.4,91.64,91.18,80.72,80.87,92,84.51,81.87,80.7,435.71,81.4,95.4,91.4
11/14/2024,73.03,70.29,1.7,71.6,71.28,68.57,72.83,70.18,68.49,71.03,59.43,68.84,75.89,57.04,-11.45,1.41,-0.85,1.42,1.09,0.76,0.57,1.09,0.77,0.42,0.13,-0.08,0.57,67.02,66.92,71.04,70.78,71.1,0.75,73.37,0.26,0.5,674,669,87.55,86.9,214.16,222.2,221.23,76.4,659.5,195.17,88.2,711.75,205.48,198.17,195.23,86.25,70.47,12.22,19.31,21.62,27.04,11.48,13.52,11.08,15.43,23.21,15.63,33.13,6.26,31.19,28.55,26.52,40.77,22.17,14.03,22.17,22.17,31590,10284,32852,11578,30132,0.1,4.02,90.47,89.8,89.95,93.32,92.92,81.12,81.97,92.92,86.3,83.23,82,447.47,81.4,95.4,91.4
11/13/2024,73.16,70.03,1.7,71.51,71.41,68.9,72.96,70.31,68.24,71.16,59.56,68.63,76.02,56.83,-11.4,1.35,-0.72,1.45,1.05,0.76,0.52,1.05,0.75,0.46,0.09,-0.12,0.52,68.7,68.53,72.56,72.24,71.35,0.85,72.6,0.32,0.16,666.25,663.75,86.95,86.35,215.2,222.88,221.93,76.3,659.75,192.88,87.6,707.25,206.06,196.51,193.79,85.65,69.52,12.22,19.31,21.02,27.04,11.67,13.95,11.08,15.43,24.27,15.96,33.13,6.26,30.76,28.55,25.85,40.77,21.75,14.03,21.75,21.75,31296,11734,32558,13456,29847,0.17,3.86,89.43,89.09,90.39,93.61,93.21,81.15,81.01,92.33,86.54,82.53,81.39,441.46,81.4,95.4,91.4
11/12/2024,72.69,69.72,1.7,71.18,70.94,68.58,72.49,69.84,68.08,70.69,59.09,68.57,75.55,56.5,-11.45,1.41,-0.95,1.38,0.65,0.7,0.5,0.64,0.38,0.15,-0.02,-0.16,0.5,68.43,68.26,72.28,71.98,71.22,0.94,73.04,0.3,-0.04,664.75,662.5,86.65,85.95,214.5,221.94,221.08,76.65,661.5,191.93,87.5,708,204.7,196.43,193.59,85.3,68.54,11.99,18.77,20.21,27.04,11.67,14.82,11.54,15.43,24.27,15.96,33.75,6.44,30.33,28.55,25.85,43.08,20.08,14.03,20.08,20.08,30090,15064,33133,13604,29202,0.17,3.85,89.23,88.93,90.09,93.21,92.85,81.37,80.61,92.43,85.98,82.5,81.31,435.21,74.6,93.4,90.5
11/11/2024,72.35,69.47,1.7,71.01,70.6,68.22,72.15,69.5,67.72,70.35,58.75,70.5,75.21,58.4,-11.68,1.59,-1.1,1.3,0.26,0.81,0.65,0.21,0.13,-0.02,-0.09,-0.2,0.65,68.12,67.97,71.89,71.65,70.85,0.43,72.56,0.24,0.16,656.5,656.25,88.6,87.8,212.96,220.7,219.76,78.5,664.5,191.45,89.5,698.75,202.76,195.7,193.39,87.15,70.15,11.75,18.59,20.21,27.04,11.67,14.82,13.39,15.43,26.38,15.96,34.38,6.44,29.89,28.55,25.85,46.15,21.75,14.03,21.75,21.75,28946,14740,32585,17084,27412,0.15,3.77,88.12,88.09,89.44,92.69,92.3,81.73,80.41,91.22,85.16,82.19,81.22,445.47,74.6,93.4,90.5
11/8/2024,73.97,71.86,1.7,72.54,72.22,69.98,73.77,71.12,69.68,71.97,60.37,71.38,76.83,58.4,-11.68,1.67,-1.1,1.27,0.25,0.95,0.63,0.19,0.12,0.05,-0.09,-0.2,0.63,68.04,67.92,71.83,71.65,70.71,0.36,74.23,0.18,1.83,668.5,668.25,89.55,88.75,217.26,225,223.89,79.5,669.75,199.88,90.4,711.75,207.52,201.25,199.14,88.3,70.03,11.52,18.59,20.21,27.96,11.67,14.82,13.85,15.43,27.43,15.96,34.38,6.44,29.89,28.55,25.85,46.15,25.93,14.03,25.93,25.93,28611,14941,34339,17920,25866,0.12,3.79,89.73,89.7,91.25,94.5,94.03,82.38,83.95,92.92,87.16,84.52,83.64,444.72,74.6,93.4,90.5
11/7/2024,75.51,73.71,1.7,74.15,73.86,71.44,75.31,72.66,71.64,74.16,61.91,71.59,78.37,60.03,-11.85,1.63,-1.08,1.2,0.29,0.94,0.69,0.25,0.15,0.06,-0.06,-0.18,0.69,70.38,70.11,73.87,73.61,72.38,0.4,75.33,0.26,1.77,680.25,680,89.5,88.6,221.09,229.64,228.64,79.1,682,203.48,90.15,725,210.89,205.36,203.24,88.35,69.68,11.05,18.23,19.81,27.96,11.67,14.82,14.31,15.43,27.43,15.63,34.38,6.26,29.89,28.55,26.52,46.15,26.77,14.03,26.77,26.77,27608,15250,34523,17585,23639,0.27,3.49,91.31,91.28,92.86,96.45,96.03,83.89,85.46,94.65,88.57,86.25,85.36,442.46,74.6,93.4,90.5
11/6/2024,75.98,73.12,1.7,74.43,74.33,71.58,75.78,73.13,70.94,74.63,62.38,70.88,78.84,59.41,-11.75,1.72,-0.78,1.18,0.28,1.04,0.73,0.25,0.15,0.05,-0.06,-0.19,0.73,72.36,71.96,75.63,75.26,74.01,0.4,75.15,0.37,0.42,690.25,690,89.8,88.9,218.82,228.13,227,78.95,679.5,202.79,90.65,734.75,210.38,203.54,201.1,88.6,69.84,11.52,19.13,20.61,28.15,11.67,15.26,14.31,17.74,28.49,15.63,34.38,6.26,29.89,31.26,26.52,46.15,27.6,14.03,27.6,27.6,30573,16733,34942,19285,26021,0.4,3.27,92.65,92.62,91.91,95.81,95.34,83.58,85.17,95.92,88.36,85.49,84.46,443.46,74.6,93.4,90.5
11/5/2024,76.67,73.44,1.7,75.06,75.02,72.24,76.62,73.82,71.64,75.32,63.37,71.81,79.53,59.3,-12.18,1.72,-0.68,1.15,0.47,0.96,0.67,0.4,0.3,0.14,-0.01,-0.16,0.67,71.69,71.24,74.92,74.57,74.29,0.52,75.71,0.35,0.77,696.5,696,90.85,89.75,223,231.31,230.42,81.2,688.25,202.96,91.55,744.5,214.67,204.46,202.27,89.5,70.7,11.75,18.95,20.61,28.33,11.67,16.57,14.78,17.74,31.65,15.63,35,6.44,29.89,32.61,27.2,46.15,28.44,14.03,28.44,28.44,29485,20745,34864,24053,26743,0.45,3.23,93.49,93.42,93.66,97.15,96.78,84.66,85.24,97.19,90.16,85.87,84.95,448.97,77.5,92.4,89.1
11/4/2024,75.45,72.94,2.2,73.7,73.8,71.02,75.4,72.95,71.16,74.1,62.15,71.19,78.31,58.26,-12.7,1.71,-1.25,1.12,0.5,0.94,0.62,0.58,0.35,0.2,-0.04,-0.18,0.62,71.99,71.56,75.53,75.14,74.87,0.56,75.43,0.39,-1.17,683.5,683.5,90.2,88.95,220.76,229.24,228.41,79.7,683,201.92,90.8,736.25,213.16,201.92,199.96,88.8,70,12.1,19.13,20.82,28.52,12.04,16.57,15.24,18.52,32.71,15.63,35.63,6.44,30.33,33.29,28.55,47.69,28.44,14.03,28.44,28.44,8633,20584,35201,26313,28501,0.43,3.54,91.74,91.74,92.72,96.28,95.93,84.01,84.81,96.12,89.53,84.81,83.98,444.47,77.5,92.4,89.1
11/1/2024,73.9,71.1,2.2,72.22,72.6,69.38,73.85,71.4,69.23,72.75,60.6,71.13,76.76,56.6,-12.38,1.87,-1.27,1.15,0.43,0.92,0.69,0.66,0.41,0.2,0.05,-0.1,0.69,71.47,71.03,75.08,74.66,73.5,0.52,74.52,0.42,-1.28,672,671.75,90.1,89.05,216.8,224.24,223.42,79.25,674.25,194.4,91.1,724.25,208.54,196.65,195.01,88.95,71.45,12.22,19.31,21.02,28.33,12.59,16.57,15.24,18.52,33.76,15.3,35.63,6.61,30.33,33.29,28.55,50,27.6,14.03,27.6,27.6,30367,20356,34554,28606,28915,0.44,3.61,90.2,90.17,91.05,94.18,93.84,82.93,81.65,94.55,87.59,82.59,81.9,453.72,77.5,92.4,89.1
10/31/2024,73.21,70.78,2.2,71.99,71.91,69.04,73.16,70.71,68.95,72.06,59.76,68.02,76.07,56.64,-12.05,1.72,-1.1,1.18,0.42,1.6,1.74,0.59,0.41,0.21,0.01,-0.17,1.6,69.49,69.08,73.1,72.73,72.02,0.56,74.14,0.37,-0.03,669,668.25,90.1,89.05,217.34,223.47,221.95,79.25,668.25,193.76,91.1,721,207.97,200.35,197.38,88.95,71.45,12.46,19.66,21.62,28.89,12.78,16.57,15.24,18.52,33.76,15.3,36.25,6.61,30.33,33.29,28.55,50,27.19,14.03,27.19,27.19,32050,20137,36301,29310,30689,0.41,3.61,89.8,89.7,91.28,93.86,93.22,82.2,81.38,94.13,87.35,84.15,82.9,453.72,77.5,92.4,89.1
10/30/2024,73.02,70.17,2.2,71.99,71.72,68.67,72.97,70.52,68.29,71.87,59.57,68.02,75.88,56.16,-11.9,1.72,-1.38,1.18,0.39,1.6,1.74,0.52,0.37,0.16,0.01,-0.14,1.6,69.26,68.81,73.16,72.81,71.37,0.35,71.66,0.35,0.62,658.75,659.5,85.5,84.8,212.82,219.85,218.76,76.9,667.25,191.9,87.1,713.5,203.48,199.57,195.9,84.3,70.27,12.57,19.66,21.83,28.89,12.78,17.09,15.24,18.52,33.76,15.3,36.25,6.61,30.33,33.29,28.55,50,27.19,14.03,27.19,27.19,32050,21948,36301,29222,31294,0.45,3.9,88.42,88.52,89.39,92.34,91.88,82.07,80.6,93.15,85.46,83.82,82.28,446.21,77.5,92.4,89.1
10/29/2024,71.65,68.79,2.2,70.52,70.35,67.08,71.6,69.15,66.89,70.5,58.7,67.72,74.51,54.8,-11.9,1.74,-1.3,1.18,0.46,1.12,0.85,0.65,0.5,0.25,0.1,-0.08,0.85,68.61,68.18,72.55,72.16,71.37,0.69,71.52,0.39,-0.85,636.25,637.5,84.6,83.95,207.74,214.36,213.37,76.2,656.75,188.16,87,691.25,197.36,195.18,191.79,83.35,69.88,12.93,19.66,21.42,29.26,12.96,17.09,15.24,18.13,32.18,20.28,36.25,6.61,31.19,33.97,31.26,52.31,22.17,14.03,22.17,22.17,32489,22422,37577,26572,33543,0.43,3.94,85.4,85.57,87.25,90.03,89.62,80.78,79.03,90.24,82.89,81.98,80.55,443.71,81.1,91.4,89.5
10/28/2024,72.35,68.86,2.2,71.56,71.05,67.44,72.3,69.85,66.66,71.2,59.4,68.4,75.21,54.98,-11.9,1.78,-0.98,1.23,0.33,0.86,1.15,0.37,0.33,0.16,0.04,-0.08,0.86,67.21,66.81,71.12,70.73,69.46,0.76,72.32,0.39,2.1,644.5,645.25,85.05,84.55,206.08,213.98,212.86,76.65,670,188.07,88.75,705,197.86,196.64,192.57,83.85,70.43,13.16,21.99,24.05,29.63,13.33,17.09,15.7,18.13,32.71,21.95,36.25,6.61,31.19,34.64,33.97,52.31,22.17,14.85,22.17,22.17,39476,22366,37681,26668,34061,0.4,3.91,86.51,86.61,86.55,89.87,89.4,82.41,78.99,92.04,83.1,82.59,80.88,447.22,81.1,91.4,89.5
10/25/2024,75.72,73.36,2.2,75.33,75.02,70.35,75.67,73.22,71.21,74.57,62.77,70.15,78.58,59.28,-11.95,1.94,-0.7,1.3,0.26,0.75,1.15,0.2,0.22,0.23,0.12,0.01,0.75,67.38,66.98,71.42,71,70.46,0.55,76.18,0.42,4.87,676.25,676.75,86.4,86,216.98,224.91,223.81,78.75,708.75,200.82,88.75,734.5,207.91,207.85,203.7,85.25,71.92,13.63,22.34,24.25,29.63,13.33,17.44,15.24,19.29,34.29,21.95,36.25,6.61,31.63,34.64,33.97,52.31,20.91,14.85,20.91,20.91,40243,22902,37261,29030,36062,0.4,4.04,90.77,90.84,91.13,94.46,94,87.18,84.35,95.89,87.32,87.3,85.55,456.72,81.1,91.4,89.5
10/24/2024,74.33,71.81,2.2,73.9,73.63,68.89,74.63,71.83,69.66,73.18,61.38,71.87,77.19,57.73,-12,2.18,-0.22,1.35,0.22,1.48,1.39,0.1,0.08,0.16,0.11,-0.02,1.39,71.78,71.35,76.05,75.63,74.18,0.53,77.39,0.42,-0.28,666.75,666.25,88.1,87.7,213.79,221.29,220.23,79.9,712.25,196.1,89.85,711.75,203.29,202.77,199.23,86.9,72.79,13.63,22.34,24.25,29.63,13.33,17,16.16,19.29,35.87,22.28,36.25,6.96,31.63,35.32,35.32,52.31,20.91,15.68,20.91,20.91,40101,21340,37119,32092,35900,0.43,4.27,89.5,89.43,89.79,92.94,92.5,87.61,82.36,92.92,85.38,85.16,83.68,462.22,81.1,91.4,89.5
10/23/2024,74.55,72.58,2.2,74.08,73.85,68.75,74.85,72.05,71.18,73.58,61.85,71.51,77.41,58.5,-11.75,2.1,-0.38,1.38,0.16,1.66,1.54,-0.01,0.01,0.15,0.11,-0.02,1.54,70.19,69.84,74.38,74.03,72.67,0.49,77.2,0.35,1.41,668.75,668,87.5,87.1,215.11,223.11,222.16,79.7,717.5,195.91,88.75,713.25,205.48,204.14,200.41,86.15,72.52,13.63,22.34,24.25,30,13.52,17.44,16.16,19.29,36.93,22.94,36.25,6.96,31.63,37.35,36.13,52.31,19.24,15.68,19.24,19.24,41260,22622,39119,33547,37031,0.35,4.19,89.77,89.66,90.35,93.71,93.31,88.25,82.28,93.11,86.3,85.74,84.17,460.47,81.1,91.4,89.5
10/22/2024,75.56,73.32,2.2,75.32,74.86,70.49,75.86,73.06,72.2,74.58,62.86,69.92,78.42,58.94,-12.25,1.89,-1.15,1.25,0.18,1.66,1.63,0.05,0.1,0.15,0.11,-0.02,1.63,70.77,70.37,74.96,74.56,72.98,0.47,76.95,0.4,2.34,674.5,673.75,85.2,84.85,217.28,224.71,223.7,78.45,711.5,199.28,86.1,717.5,207.96,207.15,203.65,83.9,69.64,13.51,22.34,24.25,30.37,13.52,17.44,17.08,19.29,37.98,23.28,36.25,6.96,32.06,37.35,36.13,52.31,20.08,15.26,20.08,20.08,41283,23352,39977,35091,36462,0.4,4.19,90.54,90.44,91.26,94.38,93.95,87.52,83.7,93.67,87.34,87,85.53,442.21,85.2,89.9,87.7
10/21/2024,73.38,71.92,2.2,73.29,72.68,68.54,73.68,70.88,70.58,72.4,60.68,70,76.24,56.99,-12.5,1.81,-1.5,1.25,-0.39,1.65,1.55,-0.17,-0.08,-0.03,-0.08,-0.13,1.55,72.09,71.74,76.04,75.62,74.22,0.5,75.05,0.42,-0.93,655.5,654.75,85.2,84.9,212.6,219.48,218.33,79.35,707.25,196.56,86.5,695.5,202.86,201.47,198.31,83.9,68.5,13.51,22.34,24.45,30.37,13.52,17.44,17.55,20.06,39.04,23.28,36.25,7.31,32.06,37.35,36.13,52.31,20.08,14.03,20.08,20.08,41341,24098,40035,36941,36521,0.35,3.95,87.99,87.89,89.29,92.18,91.7,86.99,82.56,90.8,85.2,84.62,83.29,434.96,85.2,89.9,87.7
10/18/2024,72.41,70.56,2.2,72.15,71.71,67.72,72.71,69.91,69.36,71.44,59.71,70.48,75.27,55.44,-12.75,2,-1.7,1.23,-0.23,1.69,1.62,-0.04,0.06,0.07,0.05,-0.01,1.62,70.56,70.04,74.29,73.92,72.31,0.32,74.6,0.37,-0.16,648.5,647.75,85.65,85.35,209.04,216.2,215.22,80.8,700.75,199.45,86.65,688.25,199.97,200.2,196.61,84.4,69.48,13.4,21.81,24.25,30,13.52,17.44,17.55,20.06,39.56,23.28,36.25,6.96,32.06,37.35,33.97,52.31,20.91,14.03,20.91,20.91,39442,24235,39080,37924,35794,0.52,3.73,87.05,86.95,87.8,90.8,90.39,86.19,83.77,89.85,83.99,84.08,82.58,441.21,85.2,89.9,87.7
10/17/2024,74,71.73,2.2,73.84,73.3,69.31,74.3,71.5,70.61,73.03,61.3,70.5,76.86,56.78,-12.75,1.93,-1.85,1.1,-0.11,1.68,1.57,0.12,0.21,0.19,0.15,0.05,1.57,69.22,68.69,73.06,72.68,71.17,0.34,75.34,0.38,2.67,660.75,660,85.35,85.05,213.65,220.47,219.45,79.1,714.5,208.18,86.25,701.25,205.08,204.68,201.03,84.2,68.89,13.16,21.45,24.25,30.56,13.52,17.88,17.55,17.74,38.51,23.28,36.25,7.66,32.06,36,32.61,52.31,20.08,14.03,20.08,20.08,38285,26065,40366,36023,34598,0.53,3.84,88.69,88.59,89.73,92.6,92.17,87.88,87.44,91.55,86.13,85.97,84.43,437.46,85.2,89.9,87.7
10/16/2024,73.74,71.44,2.2,73.65,73.04,69.05,74.04,71.24,70.82,71.79,61.04,70.39,76.6,58.25,-11.45,1.78,-1.65,1.05,-0.14,1.63,1.6,0.1,0.17,0.16,0.16,0.05,1.6,70.67,70.09,74.45,73.98,72.76,0.55,75.47,0.47,0.89,655.75,655.25,85.45,85.25,211.7,218.74,217.47,78.45,709.5,206.16,85.65,696.25,202.34,204.03,200.64,84.3,68.58,12.93,20.91,23.65,30.93,14.17,17.88,17.36,17.74,36.4,23.28,36.25,7.48,32.06,34.64,31.26,52.31,20.08,14.85,20.08,20.08,37057,25818,41755,32507,33952,0.58,3.78,88.02,87.95,88.91,91.87,91.34,87.27,86.59,90.89,84.98,85.69,84.27,435.46,85.2,89.9,87.7
10/15/2024,73.24,71.66,2.2,73.51,71.99,68.84,73.54,70.74,70.9,71.29,59.89,69.74,76.1,58.45,-11.45,1.58,-1.52,1.15,-0.35,1.62,1.55,-0.2,-0.17,-0.17,-0.16,-0.17,1.55,70.39,69.82,74.22,73.79,72.6,0.51,75.78,0.43,0.91,658.25,657.5,86.55,86.15,212.87,219.99,218.77,78.35,703.25,204.9,86.1,698.5,203.4,203.77,200.74,85.05,68.3,12.69,20.91,22.84,31.11,14.26,17.88,18.01,18.52,36.4,23.28,35.63,7.31,32.49,33.97,31.26,53.85,20.08,14.03,20.08,20.08,36955,25565,42077,33457,32556,0.57,3.83,88.36,88.26,89.41,92.4,91.88,86.5,86.06,91.19,85.43,85.58,84.31,433.71,84.3,88.5,86.7
10/14/2024,77.26,75.17,2.2,77.36,76.01,72.73,77.56,74.76,74.11,75.31,63.91,72.95,80.12,63.54,-11.15,1.97,-1.62,1.3,0,1.77,1.7,-0.18,-0.32,-0.37,-0.42,-0.51,1.7,70.58,70.01,74.25,73.88,72.51,0.3,79.18,0.37,4.85,692.25,691,90.6,90.2,221.32,228.73,227.42,82.85,737.25,213.36,89.95,734.75,211.67,210.86,207.98,89.1,71.77,12.93,21.09,23.04,31.11,14.26,17.44,18.01,18.52,35.87,23.28,35.63,7.31,32.49,33.97,31.94,55.38,20.08,14.85,20.08,20.08,36979,23040,41507,30896,33191,0.57,3.67,92.92,92.75,92.95,96.07,95.52,90.68,89.61,95.92,88.9,88.56,87.35,455.72,84.3,88.5,86.7
10/11/2024,80.03,77.15,2.2,78.6,78.78,75.91,80.33,77.53,75.62,78.93,66.68,73.75,82.89,63.54,-11.15,2.14,-1.4,1.38,0.46,1.79,1.84,0.59,0.21,-0.06,-0.22,-0.38,1.79,73.83,73.24,77.46,77.09,76.24,0.4,81.32,0.37,2.36,709.75,707.5,91.6,91.2,228.49,235.52,234.39,83.45,743,216.16,91,753.25,219.89,215.16,212.31,90.15,71.92,12.93,21.81,23.85,31.11,14.63,16.57,17.55,18.52,35.87,22.61,35.63,6.96,32.49,33.97,31.94,55.38,26.77,14.85,26.77,26.77,38257,19532,40405,30980,32147,0.59,3.63,95.27,94.97,95.97,98.92,98.44,91.39,90.79,98.34,92.35,90.37,89.17,456.72,84.3,88.5,86.7
10/10/2024,79.32,77.76,2.2,77.67,78.07,74.69,79.62,76.82,75.89,78.12,65.97,72.92,82.18,64.09,-10.85,1.97,-1.75,1.42,0.65,1.85,1.75,0.8,0.44,0.1,-0.16,-0.39,1.75,75.56,74.85,79.04,78.6,77.45,0.59,80.39,0.44,0.22,700.5,698.5,90.15,89.75,229.04,236.16,235.09,81.8,729.5,216.34,89.3,736.75,219.72,215.09,212.14,88.75,70.51,13.63,21.99,24.05,31.76,14.81,15.26,16.62,18.52,35.87,23.94,35.63,6.96,33.36,33.97,31.94,55.38,33.46,14.85,33.46,33.46,39405,15005,42427,31098,36293,0.71,3.48,94.03,93.76,96.2,99.19,98.74,89.73,90.86,96.18,92.28,90.34,89.1,447.72,84.3,88.5,86.7
10/9/2024,78.04,74.78,2.2,76.26,76.79,74.02,78.34,75.54,73.16,77.99,64.69,73.16,80.9,61.06,-11.38,1.95,-1.65,1.48,0.63,1.97,1.8,0.8,0.44,0.12,-0.08,-0.36,1.8,75.85,75.11,79.4,78.86,76.67,0.82,78.2,0.54,-0.41,693,690.5,90.65,90.4,221.89,228.7,227.69,81.95,708.5,209.89,89.65,726.25,211.94,206.64,204.04,89.35,70,13.98,22.52,24.66,31.76,14.81,15.7,16.16,18.52,39.04,19.62,35.63,6.96,33.79,33.97,31.26,53.85,36.81,14.85,36.81,36.81,41251,16606,42494,36101,38145,0.74,3.55,93.02,92.68,93.19,96.05,95.63,87.15,88.15,94.81,89.01,86.79,85.7,444.47,84.3,88.5,86.7
10/8/2024,77.96,75.17,2.2,76.59,75.96,73.92,78.26,75.41,73.82,77.91,64.61,74.77,80.82,61,-11.85,2.15,-1.42,1.42,0.45,2.07,1.78,0.47,0.26,0.02,-0.14,-0.3,1.78,73.24,72.59,76.58,76.13,75.33,1.01,80.35,0.45,1.26,695.75,694,92.2,92,224.24,231.01,229.72,83.55,724.75,211.31,91.65,729.25,212.47,206.81,204.67,90.95,70.03,14.22,22.88,25.06,32.41,15.19,17.44,16.16,18.13,41.15,19.29,35.63,6.96,33.79,33.97,31.26,53.85,36.81,14.03,36.81,36.81,41910,22969,43428,39982,38848,0.65,3.34,93.39,93.15,94.18,97.02,96.48,89.15,88.75,95.2,89.24,86.86,85.96,444.72,84.6,88.6,87.6
10/7/2024,81.2,78.88,2.2,79.33,79.2,77.23,81.55,78.65,77.38,80.8,67.85,74.11,84.06,64.44,-11.85,2.49,-1.35,1.5,0.75,1.95,1.63,0.8,0.4,0.08,-0.19,-0.44,1.63,73.57,72.98,77.18,76.79,75.61,0.59,82.04,0.39,3.72,726.75,724,91.6,91.4,234.1,240.66,239.62,82.25,733,219.88,91.25,767,223.62,215.38,213.03,90.05,70.03,14.1,23.06,25.26,32.41,15.19,18.31,18.47,17.74,44.31,18.62,35,6.96,33.79,38.03,31.26,53.85,30.95,14.03,30.95,30.95,42759,26292,43685,44206,38483,0.59,3.61,97.55,97.18,98.32,101.08,100.64,90.16,92.35,100.13,93.92,90.46,89.47,444.72,84.6,88.6,87.6
10/4/2024,79.37,76.28,1.3,77.37,77.47,75.24,79.72,76.82,74.46,78.97,66.02,73.58,82.23,61.11,-12.4,2.19,-1.08,1.48,0.96,1.82,1.8,1.4,1.03,0.62,0.24,-0.06,1.8,77.14,76.47,80.93,80.35,78.38,0.91,72.69,0.58,-1.01,712.5,708.75,90.8,90.6,225.8,232.56,231.27,82.4,718,214.2,90.55,753,215.14,209.58,206.86,89.15,70.07,14.1,22.7,25.26,31.3,15.19,18.75,19.39,17.74,45.37,18.62,35,6.96,34.66,39.38,32.61,56.92,30.95,15.68,30.95,30.95,40976,27936,40573,46441,37962,0.67,3.79,95.64,95.13,94.83,97.68,97.13,88.31,89.97,98.3,90.36,88.02,86.88,444.96,84.6,88.6,87.6
10/3/2024,77.9,75.94,1.3,76.4,76.25,73.83,78.25,75.35,74.14,77.5,64.55,70.48,80.76,60.26,-12.78,1.67,-1.02,1.48,0.74,1.65,1.5,1.2,0.72,0.4,0.14,-0.08,1.5,74.38,73.68,78.05,77.43,76.49,1.22,72.69,0.62,-0.09,693,689,86.3,86.1,224.24,230.5,229.47,78.45,694.5,211.14,85.45,727.75,213.34,209.26,206.15,84.55,65.42,13.63,22.17,24.25,31.11,14.44,18.31,20.32,16.97,47.48,17.62,35,7.31,34.66,40.73,33.97,56.92,29.28,15.68,29.28,29.28,40432,27382,41392,50590,36801,0.7,3.67,93.02,92.48,94.18,96.81,96.38,85.42,88.68,95.01,89.6,87.89,86.58,415.45,84.6,88.6,87.6
10/2/2024,74.75,71.96,1.3,73.69,73.1,70.94,75.1,72.2,70.56,74.4,61.4,71.02,77.61,56.86,-12.72,1.6,-0.98,1.48,0.44,1.7,1.69,0.64,0.32,0.11,-0.06,-0.19,1.69,73.71,73.17,77.62,77.11,75.65,0.8,72.69,0.51,-1.96,669.5,665.5,87.25,86.95,213.26,219.64,218.21,78,684.75,200.34,86.25,700.25,202.08,198.59,195.83,85.3,67.16,13.04,21.45,23.44,29.07,13.7,15.7,17.55,16.97,42.2,15.96,35,5.39,34.23,43.44,38.03,56.92,28.44,14.85,28.44,28.44,38312,19145,37049,41280,33999,0.54,3.91,89.87,89.33,89.57,92.25,91.65,84.23,84.14,91.42,84.88,83.41,82.25,426.46,84.6,88.6,87.6
10/1/2024,75.37,71.68,1.3,74.35,73.72,72.19,75.72,72.82,70.24,75.02,62.02,66.78,78.23,56.69,-12.65,1.26,-1.35,1.45,0.4,1.56,1.43,0.62,0.25,0.01,-0.11,-0.21,1.43,70.1,69.69,73.9,73.54,72.84,0.81,72.69,0.36,1.51,678.25,673.75,82.85,82.55,212.34,218.69,217.42,73.65,685.5,199.41,81.75,707.75,202.04,196.66,194.14,80.8,61.53,12.46,20.91,23.04,28.89,12.41,13.52,15.7,15.43,40.09,14.63,35,5.39,33.79,44.79,39.38,58.46,26.77,14.85,26.77,26.77,37574,11954,37674,38718,32038,0.41,3.8,91.04,90.44,89.18,91.85,91.32,84.32,83.75,92.4,84.86,82.6,81.54,390.69,86,89.9,90.9
9/30/2024,72.89,70.11,1.3,72.99,71.24,69.68,73.24,70.34,68.48,72.54,60.19,68.68,75.75,54.42,-13.2,1.3,-1.05,1.42,0.17,1.73,1.94,0.27,0,-0.13,-0.25,-0.35,1.73,69.83,69.39,73.56,73.21,73.77,0.72,72.69,0.35,-0.78,664.25,660.25,84.7,84.45,210.74,215.44,213.18,76.85,680.25,197.26,83.75,694,200.82,196.21,193.51,82.55,65.07,12.46,20.74,22.64,28.89,12.41,13.08,13.39,16.2,22.16,13.97,35,5.39,33.79,46.15,40.73,60,19.24,14.85,19.24,19.24,37218,10395,37913,10039,32248,0.44,3.73,89.16,88.62,88.51,90.48,89.54,83.67,82.85,90.6,84.34,82.41,81.27,413.2,86,89.9,90.9
9/27/2024,71.97,70.04,1.3,72.01,70.32,69.22,72.32,69.42,68.24,71.62,59.27,67.65,74.83,54.42,-13.2,1.63,-1.05,1.4,0.2,1.56,2.36,0.6,0.31,0.07,-0.11,-0.25,1.56,68.17,67.77,71.77,71.7,71.69,0.11,72.69,0.07,0.32,657.5,653,84.25,84.05,210.46,215.13,213.27,76.9,682.5,195.45,83.3,689.5,200.38,195.3,192.7,82.1,64.28,12.69,20.74,22.64,29.63,12.59,13.08,12.93,16.2,21.1,13.97,35,5.22,33.36,46.15,40.73,60,17.15,15.68,17.15,17.15,37886,10986,40258,8701,34088,0.4,3.6,88.26,87.65,88.39,90.35,89.57,83.95,82.09,90.01,84.16,82.03,80.93,408.2,86,89.9,90.9
9/26/2024,72.46,69.5,1.3,72.14,71.01,69.71,72.81,69.91,67.81,71.96,59.76,67.44,75.32,53.95,-13.2,1.63,-0.98,1.4,0.13,1.67,2.15,0.41,0.17,-0.02,-0.2,-0.33,1.67,68.18,67.67,71.98,71.54,70.71,0.65,73.44,0.44,1.43,658.75,655.25,83.5,83.35,209.89,215.29,213.61,76.95,679,198.1,82.6,691,199.29,196.13,193.48,81.25,64.13,12.93,20.38,22.23,28.7,12.59,12.64,12.93,16.2,21.1,13.97,35,5.22,33.36,46.15,40.73,60,17.15,15.68,17.15,17.15,36038,9462,37501,8075,34706,0.51,3.8,88.42,87.95,88.15,90.42,89.72,83.52,83.2,90.21,83.7,82.37,81.26,407.2,86,89.9,90.9
9/25/2024,75.18,72.32,1.3,74.34,73.73,72.43,75.53,72.63,69.6,74.68,62.48,70.31,78.04,55.77,-13.3,1.99,-1.5,1.75,0.36,1.78,1.94,0.73,0.46,0.2,0.03,-0.12,1.78,67.67,67.19,71.6,71.09,71.09,0.54,74.91,0.51,3.25,672.5,669.75,86.55,86.45,211.99,217.69,216.02,80.1,690.75,200.92,85.6,702,202.69,199.99,197.42,84.6,66.41,13.16,21.27,23.24,27.78,12.22,13.52,12.93,16.97,21.1,13.3,37.5,5.57,31.63,43.44,39.38,60,18.4,17.33,18.4,18.4,37929,11898,34330,8107,34867,0.48,3.93,90.27,89.9,89.04,91.43,90.73,84.96,84.39,91.64,85.13,84,82.92,421.7,86,89.9,90.9
9/24/2024,75.55,74.22,1.3,74.87,74.1,72.57,76.25,73,71.06,75.05,62.95,70.35,78.41,57.44,-13.3,1.91,-1.6,1.7,0.49,1.82,1.8,0.87,0.58,0.29,0.08,-0.12,1.8,69.69,69.13,73.46,72.9,73.33,0.73,75.01,0.56,1.54,668.75,666.5,85.45,85.5,213.58,219.91,218.05,80.55,697.75,204.3,84.75,698.75,204.78,202.97,200.55,83.45,67.24,13.75,21.81,23.85,27.96,12.22,13.95,12.93,17.74,21.1,14.3,37.5,5.74,31.63,43.44,39.38,60,19.24,17.33,19.24,19.24,40957,13149,36000,7193,39091,0.56,3.77,89.77,89.46,89.7,92.36,91.58,85.82,85.81,91.22,86.01,85.25,84.23,426.95,87,92.1,92.1
9/23/2024,74.87,73.06,1.3,74.03,73.42,71.84,75.57,72.32,69.81,74.57,62.27,69.66,77.73,56.16,-13.35,2.12,-1.85,1.72,0.51,1.86,1.84,0.84,0.58,0.37,0.15,-0.02,1.84,71.56,70.84,75.17,74.47,73.72,0.79,74.13,0.7,0.31,660.25,658.25,84.85,84.9,209.88,216.06,214.51,81.15,691.5,200.88,84.25,691.25,201.01,199.02,196.76,82.8,68.73,14.1,22.17,24.05,27.96,12.22,13.95,12.47,17.74,21.63,14.3,37.5,5.74,31.63,43.44,38.03,60,20.91,18.15,20.91,20.91,40424,13396,34269,9187,39314,0.72,3.61,88.62,88.36,88.15,90.75,90.09,85.06,84.37,90.24,84.42,83.59,82.64,436.46,87,92.1,92.1
9/20/2024,75.99,73.46,1.3,74.79,74.54,73.25,76.69,73.44,70.22,75.69,63.39,69.62,78.85,56.72,-13.25,2.12,-1.98,1.35,0.9,1.88,1.88,1.5,1.2,0.8,0.53,0.29,1.88,70.37,69.61,73.9,73.21,72.73,0.83,73.91,0.69,2.06,665.75,663.5,84.8,84.85,211.58,217.35,216.15,81.2,718.5,205.36,84.4,698,202.4,203.64,200.73,82.75,69.32,14.1,22.34,24.45,27.96,12.22,13.95,12.93,17.74,21.1,14.63,37.5,5.74,31.63,43.44,38.03,58.46,20.91,19.8,20.91,20.91,41532,13849,34789,8251,39755,0.76,3.53,89.36,89.06,88.86,91.29,90.78,88.38,86.25,91.12,85.01,85.53,84.31,440.21,87,92.1,92.1
9/19/2024,76.71,73.21,1.3,75.26,75.66,73.72,77.41,74.16,70.5,76.56,64.11,68.67,79.57,56.63,-13.5,1.9,-2.15,1.15,1.05,2,2.28,1.59,1.22,0.82,0.55,0.32,2,71.92,71,74.49,73.69,73.39,1.03,73.86,0.8,1.87,669.25,666.25,85.4,85.35,212.5,218.24,217.2,81.6,722.25,207.96,85.2,701.75,203.2,206,202.84,83.45,67.95,13.87,22.17,24.25,27.78,12.04,13.95,13.39,17.74,21.1,14.63,37.5,5.57,31.63,43.44,38.03,58.46,20.91,21.45,20.91,20.91,41469,13917,34904,8497,39055,0.92,2.57,89.83,89.43,89.25,91.66,91.22,88.84,87.35,91.61,85.34,86.52,85.19,431.46,87,92.1,92.1
9/18/2024,74.92,71.93,1.3,73.84,73.87,71.9,75.62,72.37,69.63,74.77,62.02,67.29,77.78,55.44,-13.55,1.74,-2.38,1.02,0.9,2.06,2.26,1.35,0.91,0.68,0.44,0.24,2.06,71.95,71.16,74.88,74.01,73.86,1.05,72.5,0.87,-0.02,658.5,656.25,83.95,83.95,210.08,215.88,214.75,78.9,698.75,199.32,83.85,691,200,201.07,198.36,82,66.8,13.04,21.09,24.05,27.59,12.04,13.95,13.39,17.74,21.1,14.63,31.88,5.57,31.63,42.76,35.32,58.46,22.17,22.28,22.17,22.17,37971,14291,34545,8282,34933,0.79,2.93,88.39,88.09,88.23,90.67,90.2,85.95,83.71,90.21,84,84.45,83.31,424.21,87,92.1,92.1
9/17/2024,74.74,71.66,1.3,73.9,74.04,71.66,75.44,72.19,69.76,74.64,61.84,67.93,77.6,55.38,-13.7,1.6,-1.85,0.98,0.91,2.08,2.15,1.22,0.7,0.52,0.32,0.14,2.08,70.91,69.88,73.65,72.88,72.49,0.92,72.91,0.77,1.41,650,648.75,82.7,82.8,208.4,214.97,213.67,77.35,698,198.56,82.8,685,198.42,200.19,197.54,80.85,66.69,13.04,20.91,22.84,27.59,11.67,13.95,13.39,16.97,21.63,15.3,31.88,5.57,32.49,40.06,35.32,58.46,22.17,22.69,22.17,22.17,38227,14451,35399,9220,35742,1.03,2.74,87.25,87.08,87.53,90.29,89.74,85.85,83.4,89.43,83.34,84.08,82.97,423.46,86.2,93.1,92.8
9/16/2024,74.05,71.47,1.3,72.8,73.65,70.29,74.75,71.5,68.9,73.95,61.15,67.19,76.91,55.6,-13.25,1.63,-1.25,1.2,0.76,2.04,2.04,0.9,0.54,0.45,0.27,0.1,2.04,71.19,69.96,73.7,73.01,72.55,0.72,72.28,0.69,0.25,642.25,641.5,82.45,82.55,203.88,211.15,209.68,76.05,680.5,196.7,82.2,676.25,193.18,196.82,194.15,80.65,65.54,12.81,20.91,23.44,28.15,11.67,13.95,12.93,16.97,23.21,15.3,30.63,5.57,32.49,40.06,35.32,56.92,20.91,22.28,20.91,20.91,38401,14749,36830,12488,34673,1.23,2.51,86.21,86.11,85.63,88.68,88.07,83.7,82.61,88.28,81.14,82.66,81.54,416.2,86.2,93.1,92.8
9/13/2024,74.08,70.2,1.3,73.08,74.08,70.4,74.78,71.53,67.8,73.98,61.18,67.59,76.94,53.65,-13.95,1.65,-1,1.3,1.03,1.99,1.99,1.36,0.59,0.16,-0.04,-0.3,1.99,70.09,69.02,72.75,72.15,71.6,0.69,72.28,0.6,1.48,649.5,648.25,83.35,83.7,202.8,210.09,208.43,75.9,681,195.02,83.15,683.25,192.8,193.02,190.59,81.9,66.25,12.46,20.74,23.44,28.15,11.67,13.95,13.39,16.2,24.27,15.3,30.63,5.57,32.49,40.06,33.97,56.15,20.08,22.28,20.08,20.08,38142,14715,37168,13924,33154,1.07,2.66,87.18,87.01,85.18,88.24,87.54,83.76,81.91,89.2,80.98,81.07,80.05,420.71,86.2,93.1,92.8
9/12/2024,74.44,70.5,1.3,72.98,74.44,70.74,75.14,71.89,68.18,74.44,61.54,66.67,77.3,54.18,-13.85,1.65,-0.75,1.3,1.34,1.98,1.98,1.56,0.84,0.27,-0.07,-0.35,1.98,68.65,67.75,71.61,71.05,71.68,0.92,72.28,0.56,1.3,659,657.5,83,83.4,206.6,213.4,211.88,76.5,676.5,196.32,82.75,691.5,197.13,192.7,190.64,81.6,65.78,12.22,20.74,23.04,28.15,11.67,13.52,13.39,16.2,25.32,15.3,30.63,5.57,32.93,40.06,33.97,56.15,19.66,22.28,19.66,19.66,38035,13345,37058,16238,31876,0.9,2.96,88.46,88.26,86.77,89.63,88.99,83.21,82.46,90.27,82.79,80.93,80.07,417.7,86.2,93.1,92.8
9/11/2024,70.83,68.94,1.3,70.03,70.83,67.08,71.53,68.28,66.92,70.83,57.93,65.64,73.69,52.84,-13.65,1.46,-0.78,1.38,0.8,1.95,1.98,0.96,0.5,0.05,-0.29,-0.47,1.95,68.97,68.15,71.97,71.43,71.78,1,70.62,0.54,-1.75,627.25,631.25,81.6,82.05,204.27,210.53,209.17,75.4,664,194.72,81.8,663,195.5,189.72,187.54,80.4,64.87,12.46,20.74,23.04,28.15,11.67,13.95,13.39,15.43,25.32,15.3,30.63,5.57,33.36,38.03,33.29,56.15,20.91,22.28,20.91,20.91,38069,15079,37092,15189,33125,0.82,3,84.19,84.73,85.79,88.42,87.85,81.67,81.78,86.55,82.11,79.68,78.77,411.95,86.2,93.1,92.8
9/10/2024,70.34,67.46,1.3,69.75,70.34,66.53,71.29,68.04,65.58,70.34,57.44,66.54,73.2,51.2,-13.85,1.65,-0.8,1.52,0.26,2.01,2.09,0.25,-0.11,-0.27,-0.39,-0.49,2.01,67.31,66.6,70.61,70.17,68.83,0.69,70.3,0.44,0.92,633,636.75,83.1,83.55,200.98,207.39,205.8,76.35,660,190.88,83.25,676.75,192.42,187,184.23,81.8,64.36,11.99,20.38,23.04,28.15,11.48,13.52,13.39,15.04,25.32,14.96,30.63,5.57,33.79,38.03,33.97,55.38,20.91,21.45,20.91,20.91,37199,13762,37415,15574,30936,0.71,3.3,84.97,85.47,84.41,87.1,86.44,81.18,80.17,88.35,80.82,78.54,77.38,408.7,83.5,92.6,93.3
9/9/2024,72.12,70.36,1.3,71.48,72.12,68.62,74.37,69.82,68.11,72.12,59.22,66.99,74.98,53.73,-14.05,1.63,-0.95,1.48,0.45,1.96,2,0.35,0,-0.23,-0.37,-0.48,1.96,65.75,65.14,69.19,68.83,68.49,0.42,71.69,0.36,2.99,645.75,649,84.35,84.8,209.02,215.34,213.94,77.15,665,195.04,84.6,690,201.06,192.04,189.59,83.05,64.32,11.87,19.66,21.62,27.41,11.11,13.95,13.39,15.04,25.32,14.63,30.63,5.57,33.79,38.03,33.97,54.62,20.91,20.21,20.91,20.91,34582,14902,35498,14971,30112,0.61,3.44,86.68,87.11,87.79,90.44,89.85,81.8,81.92,90.08,84.45,80.66,79.63,408.45,83.5,92.6,93.3
9/6/2024,73.02,69.51,1.3,71.86,73.02,69.69,75.27,70.72,67.71,73.02,60.12,68.13,75.88,53.14,-13.75,1.63,-0.68,1.55,0.55,1.96,1.98,0.9,0.44,0.11,-0.11,-0.24,1.96,68.71,67.91,71.84,71.36,70.23,0.38,72.12,0.48,1.63,650.5,653.75,85.15,85.65,206.08,213.24,211.5,76.25,651.5,191.35,85.35,695.25,198.62,189.6,187.63,83.85,63.85,11.75,19.31,21.83,26.67,10.93,13.52,13.39,14.66,25.85,12.64,30.63,5.57,33.79,38.03,31.26,48.85,20.91,19.8,20.91,20.91,33134,12814,33565,16837,29228,0.8,3.13,87.32,87.75,86.55,89.56,88.83,80.14,80.37,90.76,83.42,79.63,78.8,405.45,83.5,92.6,93.3
9/5/2024,75.03,70.9,2,73.43,75.03,71.35,77.28,72.73,69.33,75.03,62.13,68.09,77.89,54.7,-13.72,1.83,-0.4,1.48,0.85,1.95,1.97,1.1,0.64,0.2,-0.02,-0.22,1.95,67.67,66.98,71.06,70.71,70.61,0.46,73.57,0.35,2.82,666.25,669.5,85.4,85.85,211.66,218.46,216.89,77.05,670.5,193.2,85.55,713.5,204.26,192.58,190.77,83.9,64.28,11.16,18.77,20.41,26.3,10.93,13.95,13.39,14.66,26.9,12.64,32.5,5.57,33.79,38.03,31.26,49.23,20.91,20.63,20.91,20.91,31443,14162,32819,17987,26285,0.69,3.39,89.43,89.87,88.9,91.75,91.09,82.47,81.15,93.15,85.79,80.88,80.12,408.2,83.5,92.6,93.3
9/4/2024,75.12,70.88,2,73.36,75.12,71.21,77.37,72.82,69.08,75.12,62.22,68.02,77.98,54.66,-13.78,1.89,-0.75,1.38,0.9,2.03,2.02,1.03,0.67,0.32,0.01,-0.19,2.02,69.15,68.5,72.69,72.33,72.15,0.81,73.7,0.36,1.21,666,669.5,86,86.55,210.55,217.52,215.75,77.7,684.5,199.18,85.85,711,203.12,196.18,193.46,84.55,64.87,10.69,18.05,19.6,26.67,11.11,13.95,13.39,14.66,27.43,12.3,32.5,5.57,33.79,38.03,31.26,49.23,22.59,19.8,22.59,22.59,28690,14018,33274,18595,23496,0.65,3.54,89.4,89.87,88.43,91.36,90.62,84.19,83.66,92.82,85.31,82.4,81.25,411.95,83.5,92.6,93.3
9/3/2024,75.53,72.28,2,73.56,75.23,72.45,77.78,73.23,70.1,75.58,62.63,71.37,78.39,56.02,-13.45,2.39,-0.75,1.4,0.56,2.26,2.02,0.59,0.28,0.09,-0.1,-0.28,2.02,69.2,68.52,72.7,72.28,72.06,0.81,74.27,0.42,1.5,678.5,681,89.45,89.95,215.45,222.2,220.6,83.85,704,202.14,89.2,721.5,206.98,197.77,195.53,88,67.16,10.34,17.7,19.2,26.85,11.11,14.39,13.39,14.66,27.43,12.3,32.5,5.57,35.53,38.03,31.26,49.23,23.42,19.8,23.42,23.42,26449,14983,32636,18352,20642,0.68,3.5,91.07,91.41,90.49,93.32,92.65,86.59,84.9,94.19,86.93,83.06,82.12,426.46,83.7,92.7,93.3
9/2/2024,79.61,75.74,2,76.58,79.31,76.64,81.86,77.11,73.04,80.08,67.31,71.2,82.47,59.47,-13,2.35,-1.4,1.38,1.08,2.02,2.05,1.11,0.73,0.38,0.08,-0.18,2.02,70.34,69.59,73.75,73.3,72.3,0.77,76.98,0.45,4.28,693.75,697.25,88.8,89.35,215.45,222.2,220.6,82.05,716.25,202.14,88.85,732.25,206.98,197.77,195.53,87.4,68.03,10.46,17.7,19.2,26.85,11.11,14.39,13.39,15.04,27.96,12.64,32.5,5.57,35.53,38.03,31.26,49.23,23.42,21.45,23.42,23.42,26411,15099,31420,19066,21211,0.75,3.41,93.12,93.59,90.49,93.32,92.65,88.1,84.9,95.59,86.93,83.06,82.12,431.96,83.7,92.7,93.3
8/30/2024,80.03,75.74,2,75.96,79.73,77.05,82.28,77.53,73.04,80.08,67.73,73.19,82.89,59.47,-13,3.18,-1.4,1.38,1.27,1.77,1.31,2.1,1.39,0.91,0.52,0.18,1.31,73.55,72.65,77.52,76.73,75.37,1.13,76.62,0.79,0.59,696.5,700.75,91.45,91.9,222.43,227.83,225.15,84.4,731.5,213.94,91.75,735,213.83,221.17,209.32,89.95,70.19,10.46,17.7,19.2,26.85,11.11,14.39,13.39,15.04,27.96,13.97,32.5,5.57,35.96,35.32,31.26,49.23,23.42,23.1,23.42,23.42,25236,14151,31420,19066,20037,0.9,3.97,93.49,94.06,93.42,95.69,94.56,89.98,89.86,95.95,89.81,92.89,87.91,445.72,83.7,92.7,93.3
8/29/2024,82.46,77.81,2,78.81,82.16,79.31,84.71,79.96,74.78,82.51,70.16,70.47,85.32,61.23,-13.2,2.91,-1.52,1.32,1.67,1.78,1.2,2.48,1.78,1.31,0.84,0.46,1.2,73.55,72.65,78.8,76.93,75.81,0.74,76.64,1.87,3,704.25,708.5,88.75,89.2,225.21,231.26,228.4,82,720.75,217.64,89.1,744.5,217.01,224.77,210.77,86.95,69.17,10.46,17.7,19.2,27.04,11.3,14.39,13.39,15.43,27.96,14.3,32.5,5.57,36.39,38.03,32.61,49.23,23.42,22.28,23.42,23.42,25595,13858,32198,18487,20411,0.9,5.25,94.53,95.1,94.59,97.13,95.93,88.65,91.41,97.19,91.14,94.4,88.52,439.21,83.7,92.7,93.3
8/28/2024,81.12,76.35,2,77.75,80.02,77.87,83.37,78.62,73.15,81.17,68.82,71.13,83.98,60.23,-13,2.52,-1.27,1.32,1.3,1.36,1.57,2.19,1.45,1,0.54,0.22,1.36,75.91,74.67,79.94,78.82,78.66,1.88,76.93,1.12,-0.91,692.5,697.25,89.5,89.9,219.21,225.71,222.91,83.05,732,215.1,89.6,732.75,211.71,221.48,206.73,87.5,69.6,11.52,18.59,20.21,27.41,11.48,14.39,13.85,15.43,27.96,14.63,32.5,5.57,37.26,38.03,35.32,49.23,24.68,21.45,24.68,24.68,28751,14189,33225,18951,26013,1.24,4.03,92.95,93.59,92.07,94.8,93.62,90.04,90.34,95.66,88.92,93.02,86.83,441.97,83.7,92.7,93.3
8/27/2024,82.35,77.32,2,78.58,81.25,78.87,84.6,79.85,74.27,82.4,70.05,73.11,85.21,60.98,-13.28,2.98,-1.5,1.32,1.24,2.3,0.99,2.11,1.38,0.86,0.41,0.11,0.99,74.52,73.44,78.65,77.58,77.5,1.66,78.33,1.07,1.08,708,712,93.25,93.5,224.74,231.06,228.62,86.15,749,216.88,93.1,749,216.06,224.69,209.76,91.3,71.77,12.1,19.48,20.21,27.41,11.48,14.39,13.85,15.82,28.49,15.3,32.5,5.57,37.26,38.03,35.32,49.23,24.68,21.45,24.68,24.68,30813,13736,32318,18669,28140,1.08,4.13,95.03,95.57,94.39,97.05,96.02,92.13,91.09,97.78,90.75,94.37,88.1,455.72,85,92,92.3
8/26/2024,81.04,79.04,2,77.77,79.94,77.53,83.29,78.54,75.86,81.04,68.84,72.53,83.9,62.43,-13.5,2.34,-1.45,1.25,0.87,1.64,1.03,2.25,1.68,1,0.56,0.15,1.03,75.53,74.46,79.55,78.66,78.33,1.62,79.44,0.89,-0.56,726.25,729.5,92.5,92.65,231.04,236.97,234.8,85.5,749,222.24,92.4,749,220.22,227.99,213.49,90.5,71.18,12.34,21.99,22.84,27.78,11.48,13.95,13.39,16.2,28.49,15.96,32.5,5.57,37.26,38.03,35.32,49.23,24.68,19.8,24.68,24.68,40085,12996,33551,18707,30320,1.07,4.02,97.48,97.92,97.04,99.53,98.62,92.13,93.34,97.78,92.49,95.76,89.67,451.97,85,92,92.3
8/23/2024,81.04,76.95,2,77.77,79.94,77.53,83.29,78.54,73.84,81.04,68.84,70.53,83.9,60.27,-13.5,2.01,-1.5,1.48,0.87,1.55,1.16,2.25,1.68,1,0.56,0.15,1.16,77.42,76.17,81.43,80.36,77.69,1.24,77.82,1.07,0.08,708.25,711.5,90.5,90.65,225.84,231.81,229.97,83.1,747,220.61,90.3,749.75,216.44,228.51,211.86,88.85,69.56,12.34,21.99,22.84,27.78,11.48,13.95,14.31,16.2,28.49,15.96,32.5,5.57,37.26,33.97,35.32,49.23,25.93,19.8,25.93,25.93,40085,12996,34117,19354,30320,1.25,4.01,95.07,95.5,94.85,97.36,96.59,91.88,92.66,97.88,90.9,95.97,88.98,441.71,85,92,92.3
8/22/2024,79.66,75.25,2,76.41,78.71,75.94,81.91,77.16,72.32,79.66,67.46,69.3,82.52,58.5,-13.65,1.75,-1.2,1.8,0.69,1.35,0.85,2,1.42,0.79,0.45,0.08,0.85,74.83,73.93,79.02,78.15,77.69,1.24,75.27,0.87,-1.28,698.25,701.25,89.05,89.25,221.87,227.87,226.35,81.9,735.75,217.3,88.45,737.5,213.37,224.37,207.93,87.65,68.18,12.46,21.99,24.05,27.41,10.93,13.52,14.31,16.59,28.49,15.96,32.5,5.57,37.26,31.94,35.32,49.23,27.19,19.8,27.19,27.19,40888,11706,34087,19352,31713,0.9,4.19,93.72,94.13,93.19,95.71,95.07,90.5,91.27,96.28,89.62,94.24,87.33,432.96,85,92,92.3
8/21/2024,79.68,74.3,2,76.18,78.73,75.97,81.93,77.18,71.53,79.68,67.48,71.14,82.54,57.3,-13.9,1.91,-1.7,1.6,1.73,1.35,0.81,1.88,1.26,0.64,0.28,0.04,0.81,73.01,72.28,77.22,76.55,76.4,1.12,76.22,0.67,-0.22,699.25,702.25,90.65,90.8,220.14,226.4,224.97,83.3,729,216.88,89.65,738.5,214.28,220.5,205.13,89.3,69.01,13.98,22.34,24.45,27.41,10.93,13.52,13.85,16.59,29.01,15.96,32.5,5.57,37.26,32.61,36.67,46.15,27.19,19.8,27.19,27.19,41432,11345,33442,20113,38950,0.73,4.21,93.86,94.26,92.46,95.09,94.49,89.67,91.09,96.41,90,92.61,86.15,438.21,85,92,92.3
8/20/2024,79.6,75.48,2,76.35,78.9,75.89,81.85,77.1,72.56,79.5,67.4,70.66,82.46,58.33,-14,1.69,-1.4,1.4,1.75,1.19,0.79,1.76,1.09,0.49,0.11,-0.08,0.79,71.93,71.3,76.05,75.5,76.17,1.06,76.6,0.55,0.18,692,695.5,89.6,89.75,221.27,227.97,226.32,82.35,742.5,221.85,88.45,731,215.32,225.63,208.35,88.15,68.18,14.34,22.7,24.86,27.41,10.93,13.95,14.31,16.2,29.01,15.96,33.75,5.57,37.26,33.97,36.67,46.15,24.26,19.8,24.26,24.26,43178,12454,34005,20689,41289,0.63,4.12,92.89,93.36,92.93,95.75,95.05,91.33,93.18,95.43,90.43,94.76,87.51,432.96,84.2,94.7,91.5
8/19/2024,81.39,75.62,2,78.1,81.29,77.27,83.64,78.89,73.13,81.29,69.19,72.78,84.25,58.88,-14,2.15,-1.8,1.18,1.92,1.31,0.84,2.04,1.37,0.65,0.2,-0.04,0.84,74.04,73.17,77.2,76.58,76.34,0.96,77.66,0.62,1.76,709.5,713,92.4,92.5,220.45,228.28,226.35,84.5,758.75,222.5,91.1,747.25,214.22,226.38,209.43,90.95,70.19,14.45,22.7,24.86,27.59,12.04,13.08,13.85,15.82,27.96,15.96,33.75,5.57,37.69,35.32,36.67,46.15,22.17,21.45,22.17,22.17,42250,9056,33492,18190,40980,0.87,3.16,95.23,95.7,92.59,95.88,95.07,93.33,93.45,97.55,89.97,95.08,87.96,445.72,84.2,94.7,91.5
8/16/2024,81.6,78.07,2,78.36,81.5,76.43,83.85,79.1,74.74,81.5,69.4,74.06,84.46,60.77,-13.75,2.3,-1.8,1.23,2,1.25,0.79,2.15,1.39,0.67,-0.05,-0.53,0.79,74.37,73.66,77.66,77.1,78.09,1.1,78.89,0.56,0.27,718.5,721.5,94.65,94.6,226.4,234.66,232.87,85.65,770,229.14,93.3,755.25,221.67,231.02,213.99,93.35,71.85,14.1,22.34,24.76,27.59,11.67,13.08,13.39,15.43,27.96,15.3,34.38,5.57,37.69,35.32,36.67,46.15,22.17,22.28,22.17,22.17,40654,9151,33085,18170,38708,0.71,3.29,96.44,96.85,95.09,98.56,97.81,94.71,96.24,98.6,93.1,97.03,89.88,456.22,84.2,94.7,91.5
8/15/2024,83.55,79.24,2,80.1,83.45,78.48,85.8,81.05,76.05,83.5,71.35,73.62,86.41,64.37,-12.4,2.1,-1.98,1.1,2.3,1.45,0.84,2.42,1.64,0.84,0.04,-0.46,0.84,76.65,75.54,79.68,78.87,78.35,1.62,80.42,0.81,1.75,737.25,740,94.6,94.7,230.76,239.69,237.79,83.75,778,232.92,93.05,778,226.04,235.8,218.59,93.4,71.69,13.87,21.45,23.44,25.93,11.3,13.08,12.93,14.66,26.9,15.3,34.38,5.57,37.26,35.32,36.67,47.69,22.17,22.28,22.17,22.17,37293,9135,28925,16225,37162,1.11,3.03,98.96,99.33,96.92,100.67,99.87,95.69,97.83,101.57,94.94,99.04,91.81,455.22,84.2,94.7,91.5
